,title,description_alert,link,published,alert_title,cve_id,description_cve,cvss_score,cwe,cwe_desc,epss_score,vendor,product,versions
0,[MàJ] Vulnérabilité dans Zimbra Collaboration Suite (17 juillet 2023),"\[Mise à jour du 26 juillet 2023\] Publication du correctif de sécurité par l'éditeur Le 26 juillet 2023, l'éditeur a publié un correctif de sécurité \[1\] pour cette vulnérabilité immatriculée CVE-2023-37580. Il est donc fortement recommandé de déployer le correctif P41 pour toutes les versions...",https://www.cert.ssi.gouv.fr/alerte/CERTFR-2023-ALE-007/,"Mon, 17 Jul 2023 00:00:00 +0000",[MàJ] Vulnérabilité dans Zimbra Collaboration Suite (17 juillet 2023),CVE-2023-37580,Zimbra Collaboration (ZCS) 8 before 8.8.15 Patch 41 allows XSS in the Zimbra Classic Web Client.,Non disponible,Non disponible,,0.93918,n/a,n/a,['n/a']
1,[MàJ] Vulnérabilité dans Citrix NetScaler ADC et NetScaler Gateway (19 juillet 2023),"Le 18 juillet 2023, Citrix a publié un avis de sécurité concernant plusieurs vulnérabilités. La plus critique, dont l'identifiant CVE est CVE-2023-3519, permet à un attaquant non authentifié d'exécuter du code arbitraire à distance. L'équipement est vulnérable s'il est configuré en tant que...",https://www.cert.ssi.gouv.fr/alerte/CERTFR-2023-ALE-008/,"Wed, 19 Jul 2023 00:00:00 +0000",[MàJ] Vulnérabilité dans Citrix NetScaler ADC et NetScaler Gateway (19 juillet 2023),CVE-2023-3519,Unauthenticated remote code execution,9.8,CWE-94,CWE-94 Improper Control of Generation of Code ('Code Injection'),0.93363,Citrix,NetScaler ADC,"['13.1', '13.0', '13.1-FIPS', '12.1-FIPS', '12.1-NDcPP']"
2,[MàJ] Vulnérabilité dans Citrix NetScaler ADC et NetScaler Gateway (19 juillet 2023),"Le 18 juillet 2023, Citrix a publié un avis de sécurité concernant plusieurs vulnérabilités. La plus critique, dont l'identifiant CVE est CVE-2023-3519, permet à un attaquant non authentifié d'exécuter du code arbitraire à distance. L'équipement est vulnérable s'il est configuré en tant que...",https://www.cert.ssi.gouv.fr/alerte/CERTFR-2023-ALE-008/,"Wed, 19 Jul 2023 00:00:00 +0000",[MàJ] Vulnérabilité dans Citrix NetScaler ADC et NetScaler Gateway (19 juillet 2023),CVE-2023-3519,Unauthenticated remote code execution,9.8,CWE-94,CWE-94 Improper Control of Generation of Code ('Code Injection'),0.93363,Citrix,NetScaler Gateway,"['13.1', '13.0']"
3,Multiples vulnérabilités dans Exim (02 octobre 2023),"Le 27 septembre 2023, Zero Day Initiative (ZDI) a publié six avis de sécurité \[1\] concernant des vulnérabilités de type zéro-jour affectant les versions antérieures à 4.96.1 ou 4.97 de l'agent de transfert de courriels (*Mail Transfer Agent* ou *MTA*) Exim. Le 1er octobre 2023, l'éditeur a...",https://www.cert.ssi.gouv.fr/alerte/CERTFR-2023-ALE-010/,"Mon, 02 Oct 2023 00:00:00 +0000",Multiples vulnérabilités dans Exim (02 octobre 2023),CVE-2023-42117,"Exim Improper Neutralization of Special Elements Remote Code Execution Vulnerability. This vulnerability allows remote attackers to execute arbitrary code on affected installations of Exim. Authentication is not required to exploit this vulnerability.

The specific flaw exists within the smtp service, which listens on TCP port 25 by default. The issue results from the lack of proper validation of user-supplied data, which can result in a memory corruption condition. An attacker can leverage this vulnerability to execute code in the context of the current process. Was ZDI-CAN-17554.",8.1,CWE-138,CWE-138: Improper Neutralization of Special Elements,0.0735,Exim,Exim,['4.96-RC1-11-315206fbf']
4,Multiples vulnérabilités dans Exim (02 octobre 2023),"Le 27 septembre 2023, Zero Day Initiative (ZDI) a publié six avis de sécurité \[1\] concernant des vulnérabilités de type zéro-jour affectant les versions antérieures à 4.96.1 ou 4.97 de l'agent de transfert de courriels (*Mail Transfer Agent* ou *MTA*) Exim. Le 1er octobre 2023, l'éditeur a...",https://www.cert.ssi.gouv.fr/alerte/CERTFR-2023-ALE-010/,"Mon, 02 Oct 2023 00:00:00 +0000",Multiples vulnérabilités dans Exim (02 octobre 2023),CVE-2023-42115,"Exim AUTH Out-Of-Bounds Write Remote Code Execution Vulnerability. This vulnerability allows remote attackers to execute arbitrary code on affected installations of Exim. Authentication is not required to exploit this vulnerability. 

The specific flaw exists within the smtp service, which listens on TCP port 25 by default. The issue results from the lack of proper validation of user-supplied data, which can result in a write past the end of a buffer. An attacker can leverage this vulnerability to execute code in the context of the service account.
. Was ZDI-CAN-17434.",9.8,CWE-787,CWE-787: Out-of-bounds Write,0.65812,Exim,Exim,['exim 4.95']
5,Multiples vulnérabilités dans Exim (02 octobre 2023),"Le 27 septembre 2023, Zero Day Initiative (ZDI) a publié six avis de sécurité \[1\] concernant des vulnérabilités de type zéro-jour affectant les versions antérieures à 4.96.1 ou 4.97 de l'agent de transfert de courriels (*Mail Transfer Agent* ou *MTA*) Exim. Le 1er octobre 2023, l'éditeur a...",https://www.cert.ssi.gouv.fr/alerte/CERTFR-2023-ALE-010/,"Mon, 02 Oct 2023 00:00:00 +0000",Multiples vulnérabilités dans Exim (02 octobre 2023),CVE-2023-42116,"Exim SMTP Challenge Stack-based Buffer Overflow Remote Code Execution Vulnerability. This vulnerability allows remote attackers to execute arbitrary code on affected installations of Exim. Authentication is not required to exploit this vulnerability.

The specific flaw exists within the handling of NTLM challenge requests. The issue results from the lack of proper validation of the length of user-supplied data prior to copying it to a fixed-length stack-based buffer. An attacker can leverage this vulnerability to execute code in the context of the service account.
. Was ZDI-CAN-17515.",8.1,CWE-121,CWE-121: Stack-based Buffer Overflow,0.06734,Exim,Exim,['exim 4.95']
6,Multiples vulnérabilités dans Exim (02 octobre 2023),"Le 27 septembre 2023, Zero Day Initiative (ZDI) a publié six avis de sécurité \[1\] concernant des vulnérabilités de type zéro-jour affectant les versions antérieures à 4.96.1 ou 4.97 de l'agent de transfert de courriels (*Mail Transfer Agent* ou *MTA*) Exim. Le 1er octobre 2023, l'éditeur a...",https://www.cert.ssi.gouv.fr/alerte/CERTFR-2023-ALE-010/,"Mon, 02 Oct 2023 00:00:00 +0000",Multiples vulnérabilités dans Exim (02 octobre 2023),CVE-2023-42119,"Exim dnsdb Out-Of-Bounds Read Information Disclosure Vulnerability. This vulnerability allows network-adjacent attackers to disclose sensitive information on affected installations of Exim. Authentication is not required to exploit this vulnerability.

The specific flaw exists within the smtp service, which listens on TCP port 25 by default. The issue results from the lack of proper validation of user-supplied data, which can result in a read past the end of an allocated buffer. An attacker can leverage this in conjunction with other vulnerabilities to execute arbitrary code in the context of the service account.
. Was ZDI-CAN-17643.",3.1,CWE-125,CWE-125: Out-of-bounds Read,0.00731,Exim,Exim,['exim 4.96-RC0-14-24b8ed847-XX']
7,Multiples vulnérabilités dans Exim (02 octobre 2023),"Le 27 septembre 2023, Zero Day Initiative (ZDI) a publié six avis de sécurité \[1\] concernant des vulnérabilités de type zéro-jour affectant les versions antérieures à 4.96.1 ou 4.97 de l'agent de transfert de courriels (*Mail Transfer Agent* ou *MTA*) Exim. Le 1er octobre 2023, l'éditeur a...",https://www.cert.ssi.gouv.fr/alerte/CERTFR-2023-ALE-010/,"Mon, 02 Oct 2023 00:00:00 +0000",Multiples vulnérabilités dans Exim (02 octobre 2023),CVE-2023-42114,"Exim NTLM Challenge Out-Of-Bounds Read Information Disclosure Vulnerability. This vulnerability allows remote attackers to disclose sensitive information on affected installations of Exim. Authentication is not required to exploit this vulnerability.

The specific flaw exists within the handling of NTLM challenge requests. The issue results from the lack of proper validation of user-supplied data, which can result in a read past the end of an allocated data structure. An attacker can leverage this vulnerability to disclose information in the context of the service account.
. Was ZDI-CAN-17433.",3.7,CWE-125,CWE-125: Out-of-bounds Read,0.13895,Exim,Exim,['exim 4.95']
8,Multiples vulnérabilités dans Exim (02 octobre 2023),"Le 27 septembre 2023, Zero Day Initiative (ZDI) a publié six avis de sécurité \[1\] concernant des vulnérabilités de type zéro-jour affectant les versions antérieures à 4.96.1 ou 4.97 de l'agent de transfert de courriels (*Mail Transfer Agent* ou *MTA*) Exim. Le 1er octobre 2023, l'éditeur a...",https://www.cert.ssi.gouv.fr/alerte/CERTFR-2023-ALE-010/,"Mon, 02 Oct 2023 00:00:00 +0000",Multiples vulnérabilités dans Exim (02 octobre 2023),CVE-2023-42118,"Exim libspf2 Integer Underflow Remote Code Execution Vulnerability. This vulnerability allows network-adjacent attackers to execute arbitrary code on affected installations of Exim libspf2. Authentication is not required to exploit this vulnerability. 

The specific flaw exists within the parsing of SPF macros. When parsing SPF macros, the process does not properly validate user-supplied data, which can result in an integer underflow before writing to memory. An attacker can leverage this vulnerability to execute code in the context of the service account.
. Was ZDI-CAN-17578.",7.5,CWE-191,CWE-191: Integer Underflow (Wrap or Wraparound),0.03014,Exim,libspf2,['exim 4.96-RC0-14-24b8ed847-XX']
9,[MàJ] Multiples vulnérabilités dans Cisco IOS XE (17 octobre 2023),\[Mise à jour du 02 novembre 2023\] La version 17.3.8a est disponible. \[Mise à jour du 31 octobre 2023\] Les détails techniques de la vulnérabilité CVE-2023-20198 sont désormais disponibles publiquement. Cette vulnérabilité était déjà massivement exploitée. Tous les équipements exposant...,https://www.cert.ssi.gouv.fr/alerte/CERTFR-2023-ALE-011/,"Tue, 17 Oct 2023 00:00:00 +0000",[MàJ] Multiples vulnérabilités dans Cisco IOS XE (17 octobre 2023),CVE-2023-20273,"A vulnerability in the web UI feature of Cisco IOS XE Software could allow an authenticated, remote attacker to inject commands with the privileges of root. This vulnerability is due to insufficient input validation. An attacker could exploit this vulnerability by sending crafted input to the web UI. A successful exploit could allow the attacker to inject commands to the underlying operating system with root privileges.",7.2,CWE-78,Improper Neutralization of Special Elements used in an OS Command ('OS Command Injection'),0.92615,Cisco,Cisco IOS XE Software,"['16.1.1', '16.1.2', '16.1.3', '16.2.1', '16.2.2', '16.3.1', '16.3.2', '16.3.3', '16.3.1a', '16.3.4', '16.3.5', '16.3.5b', '16.3.6', '16.3.7', '16.3.8', '16.3.9', '16.3.10', '16.3.11', '16.4.1', '16.4.2', '16.4.3', '16.5.1', '16.5.1a', '16.5.1b', '16.5.2', '16.5.3', '16.6.1', '16.6.2', '16.6.3', '16.6.4', '16.6.5', '16.6.4a', '16.6.5a', '16.6.6', '16.6.7', '16.6.8', '16.6.9', '16.6.10', '16.7.1', '16.7.1a', '16.7.1b', '16.7.2', '16.7.3', '16.7.4', '16.8.1', '16.8.1a', '16.8.1b', '16.8.1s', '16.8.1c', '16.8.1d', '16.8.2', '16.8.1e', '16.8.3', '16.9.1', '16.9.2', '16.9.1a', '16.9.1b', '16.9.1s', '16.9.3', '16.9.4', '16.9.3a', '16.9.5', '16.9.5f', '16.9.6', '16.9.7', '16.9.8', '16.10.1', '16.10.1a', '16.10.1b', '16.10.1s', '16.10.1c', '16.10.1e', '16.10.1d', '16.10.2', '16.10.1f', '16.10.1g', '16.10.3', '16.11.1', '16.11.1a', '16.11.1b', '16.11.2', '16.11.1s', '16.12.1', '16.12.1s', '16.12.1a', '16.12.1c', '16.12.1w', '16.12.2', '16.12.1y', '16.12.2a', '16.12.3', '16.12.8', '16.12.2s', '16.12.1x', '16.12.1t', '16.12.4', '16.12.3s', '16.12.3a', '16.12.4a', '16.12.5', '16.12.6', '16.12.1z1', '16.12.5a', '16.12.5b', '16.12.1z2', '16.12.6a', '16.12.7', '16.12.9', '16.12.10', '17.1.1', '17.1.1a', '17.1.1s', '17.1.1t', '17.1.3', '17.2.1', '17.2.1r', '17.2.1a', '17.2.1v', '17.2.2', '17.2.3', '17.3.1', '17.3.2', '17.3.3', '17.3.1a', '17.3.1w', '17.3.2a', '17.3.1x', '17.3.1z', '17.3.4', '17.3.5', '17.3.4a', '17.3.6', '17.3.4b', '17.3.4c', '17.3.5a', '17.3.5b', '17.3.7', '17.3.8', '17.4.1', '17.4.2', '17.4.1a', '17.4.1b', '17.4.2a', '17.5.1', '17.5.1a', '17.5.1b', '17.5.1c', '17.6.1', '17.6.2', '17.6.1w', '17.6.1a', '17.6.1x', '17.6.3', '17.6.1y', '17.6.1z', '17.6.3a', '17.6.4', '17.6.1z1', '17.6.5', '17.6.6', '17.7.1', '17.7.1a', '17.7.1b', '17.7.2', '17.10.1', '17.10.1a', '17.10.1b', '17.8.1', '17.8.1a', '17.9.1', '17.9.1w', '17.9.2', '17.9.1a', '17.9.1x', '17.9.1y', '17.9.3', '17.9.2a', '17.9.1x1', '17.9.3a', '17.9.4', '17.9.1y1', '17.11.1', '17.11.1a', '17.12.1', '17.12.1a', '17.11.99SW']"
10,[MàJ] Multiples vulnérabilités dans Cisco IOS XE (17 octobre 2023),\[Mise à jour du 02 novembre 2023\] La version 17.3.8a est disponible. \[Mise à jour du 31 octobre 2023\] Les détails techniques de la vulnérabilité CVE-2023-20198 sont désormais disponibles publiquement. Cette vulnérabilité était déjà massivement exploitée. Tous les équipements exposant...,https://www.cert.ssi.gouv.fr/alerte/CERTFR-2023-ALE-011/,"Tue, 17 Oct 2023 00:00:00 +0000",[MàJ] Multiples vulnérabilités dans Cisco IOS XE (17 octobre 2023),CVE-2023-20198,"Cisco is providing an update for the ongoing investigation into observed exploitation of the web UI feature in Cisco IOS XE Software. We are updating the list of fixed releases and adding the Software Checker. Our investigation has determined that the actors exploited two previously unknown issues. The attacker first exploited CVE-2023-20198 to gain initial access and issued a privilege 15 command to create a local user and password combination. This allowed the user to log in with normal user access. The attacker then exploited another component of the web UI feature, leveraging the new local user to elevate privilege to root and write the implant to the file system. Cisco has assigned CVE-2023-20273 to this issue. CVE-2023-20198 has been assigned a CVSS Score of 10.0. CVE-2023-20273 has been assigned a CVSS Score of 7.2. Both of these CVEs are being tracked by CSCwh87343.",10,CWE-420,Unprotected Alternate Channel,0.94013,Cisco,Cisco IOS XE Software,"['16.1.1', '16.1.2', '16.1.3', '16.2.1', '16.2.2', '16.3.1', '16.3.2', '16.3.3', '16.3.1a', '16.3.4', '16.3.5', '16.3.5b', '16.3.6', '16.3.7', '16.3.8', '16.3.9', '16.3.10', '16.3.11', '16.4.1', '16.4.2', '16.4.3', '16.5.1', '16.5.1a', '16.5.1b', '16.5.2', '16.5.3', '16.6.1', '16.6.2', '16.6.3', '16.6.4', '16.6.5', '16.6.4a', '16.6.5a', '16.6.6', '16.6.7', '16.6.8', '16.6.9', '16.6.10', '16.7.1', '16.7.1a', '16.7.1b', '16.7.2', '16.7.3', '16.7.4', '16.8.1', '16.8.1a', '16.8.1b', '16.8.1s', '16.8.1c', '16.8.1d', '16.8.2', '16.8.1e', '16.8.3', '16.9.1', '16.9.2', '16.9.1a', '16.9.1b', '16.9.1s', '16.9.3', '16.9.4', '16.9.3a', '16.9.5', '16.9.5f', '16.9.6', '16.9.7', '16.9.8', '16.10.1', '16.10.1a', '16.10.1b', '16.10.1s', '16.10.1c', '16.10.1e', '16.10.1d', '16.10.2', '16.10.1f', '16.10.1g', '16.10.3', '16.11.1', '16.11.1a', '16.11.1b', '16.11.2', '16.11.1s', '16.12.1', '16.12.1s', '16.12.1a', '16.12.1c', '16.12.1w', '16.12.2', '16.12.1y', '16.12.2a', '16.12.3', '16.12.8', '16.12.2s', '16.12.1x', '16.12.1t', '16.12.4', '16.12.3s', '16.12.3a', '16.12.4a', '16.12.5', '16.12.6', '16.12.1z1', '16.12.5a', '16.12.5b', '16.12.1z2', '16.12.6a', '16.12.7', '16.12.9', '16.12.10', '17.1.1', '17.1.1a', '17.1.1s', '17.1.1t', '17.1.3', '17.2.1', '17.2.1r', '17.2.1a', '17.2.1v', '17.2.2', '17.2.3', '17.3.1', '17.3.2', '17.3.3', '17.3.1a', '17.3.1w', '17.3.2a', '17.3.1x', '17.3.1z', '17.3.4', '17.3.5', '17.3.4a', '17.3.6', '17.3.4b', '17.3.4c', '17.3.5a', '17.3.5b', '17.3.7', '17.3.8', '17.4.1', '17.4.2', '17.4.1a', '17.4.1b', '17.4.2a', '17.5.1', '17.5.1a', '17.5.1b', '17.5.1c', '17.6.1', '17.6.2', '17.6.1w', '17.6.1a', '17.6.1x', '17.6.3', '17.6.1y', '17.6.1z', '17.6.3a', '17.6.4', '17.6.1z1', '17.6.5', '17.6.6', '17.7.1', '17.7.1a', '17.7.1b', '17.7.2', '17.10.1', '17.10.1a', '17.10.1b', '17.8.1', '17.8.1a', '17.9.1', '17.9.1w', '17.9.2', '17.9.1a', '17.9.1x', '17.9.1y', '17.9.3', '17.9.2a', '17.9.1x1', '17.9.3a', '17.9.4', '17.9.1y1', '17.11.1', '17.11.1a', '17.12.1', '17.12.1a', '17.11.99SW']"
11,[MàJ] Vulnérabilité dans Citrix NetScaler ADC et NetScaler Gateway (23 octobre 2023),"\[Mise à jour du 22 novembre 2023\] L'éditeur a publié un document \[3\] le 20 novembre 2023 listant les différents journaux à analyser ainsi que les éléments à rechercher pour identifier une activité pouvant être liée à une compromission. Par ailleurs, la CISA a publié un avis de sécurité le 21...",https://www.cert.ssi.gouv.fr/alerte/CERTFR-2023-ALE-012/,"Mon, 23 Oct 2023 00:00:00 +0000",[MàJ] Vulnérabilité dans Citrix NetScaler ADC et NetScaler Gateway (23 octobre 2023),CVE-2023-4966,"Sensitive information disclosure in NetScaler ADC and NetScaler Gateway when configured as a Gateway (VPN virtual server, ICA Proxy, CVPN, RDP Proxy) or AAA  virtual server.",9.4,CWE-119,CWE-119 Improper Restriction of Operations within the Bounds of a Memory Buffer,0.94348,Citrix,NetScaler ADC,"['14.1', '13.1', '13.0', '13.1-FIPS', '12.1-FIPS', '12.1-NDcPP']"
12,[MàJ] Vulnérabilité dans Citrix NetScaler ADC et NetScaler Gateway (23 octobre 2023),"\[Mise à jour du 22 novembre 2023\] L'éditeur a publié un document \[3\] le 20 novembre 2023 listant les différents journaux à analyser ainsi que les éléments à rechercher pour identifier une activité pouvant être liée à une compromission. Par ailleurs, la CISA a publié un avis de sécurité le 21...",https://www.cert.ssi.gouv.fr/alerte/CERTFR-2023-ALE-012/,"Mon, 23 Oct 2023 00:00:00 +0000",[MàJ] Vulnérabilité dans Citrix NetScaler ADC et NetScaler Gateway (23 octobre 2023),CVE-2023-4966,"Sensitive information disclosure in NetScaler ADC and NetScaler Gateway when configured as a Gateway (VPN virtual server, ICA Proxy, CVPN, RDP Proxy) or AAA  virtual server.",9.4,CWE-119,CWE-119 Improper Restriction of Operations within the Bounds of a Memory Buffer,0.94348,Citrix,NetScaler Gateway,"['14.1', '13.1', '13.0']"
13,Vulnérabilité dans Apache Struts 2 (13 décembre 2023),"Le 4 décembre 2023, Apache a publié un avis de sécurité concernant la vulnérabilité critique CVE-2023-50164 concernant le cadriciel Struts 2. Cette vulnérabilité permet à un attaquant non authentifié de téléverser une porte dérobée sur un serveur vulnérable, et ainsi exécuter du code arbitraire à...",https://www.cert.ssi.gouv.fr/alerte/CERTFR-2023-ALE-013/,"Wed, 13 Dec 2023 00:00:00 +0000",Vulnérabilité dans Apache Struts 2 (13 décembre 2023),CVE-2023-50164,"An attacker can manipulate file upload params to enable paths traversal and under some circumstances this can lead to uploading a malicious file which can be used to perform Remote Code Execution.
Users are recommended to upgrade to versions Struts 2.5.33 or Struts 6.3.0.2 or greater to fix this issue.",Non disponible,CWE-552,CWE-552 Files or Directories Accessible to External Parties,0.93657,Apache Software Foundation,Apache Struts,"['2.0.0', '6.0.0']"
14,[MàJ] Multiples vulnérabilités dans Ivanti Connect Secure et Policy Secure Gateways (11 janvier 2024),"[Mise à jour du 4 mars 2024] Ivanti a publié le 29 février des recommandations de résolution pour les Ivanti Connect Secure ou Policy Secure en machine virtuelle [16]. [Mise à jour du 15 février 2024] l'éditeur a publié le 15 février des correctifs pour les versions suivantes, qui n'en...",https://www.cert.ssi.gouv.fr/alerte/CERTFR-2024-ALE-001/,"Thu, 11 Jan 2024 00:00:00 +0000",[MàJ] Multiples vulnérabilités dans Ivanti Connect Secure et Policy Secure Gateways (11 janvier 2024),CVE-2023-46805,"An authentication bypass vulnerability in the web component of Ivanti ICS 9.x, 22.x and Ivanti Policy Secure allows a remote attacker to access restricted resources by bypassing control checks.",8.2,Non disponible,Non disponible,0.94367,Ivanti,ICS,"['9.1R18', '22.6R2']"
15,[MàJ] Multiples vulnérabilités dans Ivanti Connect Secure et Policy Secure Gateways (11 janvier 2024),"[Mise à jour du 4 mars 2024] Ivanti a publié le 29 février des recommandations de résolution pour les Ivanti Connect Secure ou Policy Secure en machine virtuelle [16]. [Mise à jour du 15 février 2024] l'éditeur a publié le 15 février des correctifs pour les versions suivantes, qui n'en...",https://www.cert.ssi.gouv.fr/alerte/CERTFR-2024-ALE-001/,"Thu, 11 Jan 2024 00:00:00 +0000",[MàJ] Multiples vulnérabilités dans Ivanti Connect Secure et Policy Secure Gateways (11 janvier 2024),CVE-2023-46805,"An authentication bypass vulnerability in the web component of Ivanti ICS 9.x, 22.x and Ivanti Policy Secure allows a remote attacker to access restricted resources by bypassing control checks.",8.2,Non disponible,Non disponible,0.94367,Ivanti,IPS,"['9.1R18', '22.6R1']"
16,[MàJ] Multiples vulnérabilités dans Ivanti Connect Secure et Policy Secure Gateways (11 janvier 2024),"[Mise à jour du 4 mars 2024] Ivanti a publié le 29 février des recommandations de résolution pour les Ivanti Connect Secure ou Policy Secure en machine virtuelle [16]. [Mise à jour du 15 février 2024] l'éditeur a publié le 15 février des correctifs pour les versions suivantes, qui n'en...",https://www.cert.ssi.gouv.fr/alerte/CERTFR-2024-ALE-001/,"Thu, 11 Jan 2024 00:00:00 +0000",[MàJ] Multiples vulnérabilités dans Ivanti Connect Secure et Policy Secure Gateways (11 janvier 2024),CVE-2024-21893,"A server-side request forgery vulnerability in the SAML component of Ivanti Connect Secure (9.x, 22.x) and Ivanti Policy Secure (9.x, 22.x) and Ivanti Neurons for ZTA allows an attacker to access certain restricted resources without authentication.",8.2,Non disponible,Non disponible,0.94319,Ivanti,ICS,"['9.1R18', '22.6R2']"
17,[MàJ] Multiples vulnérabilités dans Ivanti Connect Secure et Policy Secure Gateways (11 janvier 2024),"[Mise à jour du 4 mars 2024] Ivanti a publié le 29 février des recommandations de résolution pour les Ivanti Connect Secure ou Policy Secure en machine virtuelle [16]. [Mise à jour du 15 février 2024] l'éditeur a publié le 15 février des correctifs pour les versions suivantes, qui n'en...",https://www.cert.ssi.gouv.fr/alerte/CERTFR-2024-ALE-001/,"Thu, 11 Jan 2024 00:00:00 +0000",[MàJ] Multiples vulnérabilités dans Ivanti Connect Secure et Policy Secure Gateways (11 janvier 2024),CVE-2024-21893,"A server-side request forgery vulnerability in the SAML component of Ivanti Connect Secure (9.x, 22.x) and Ivanti Policy Secure (9.x, 22.x) and Ivanti Neurons for ZTA allows an attacker to access certain restricted resources without authentication.",8.2,Non disponible,Non disponible,0.94319,Ivanti,IPS,"['9.1R18', '22.6R1']"
18,[MàJ] Multiples vulnérabilités dans Ivanti Connect Secure et Policy Secure Gateways (11 janvier 2024),"[Mise à jour du 4 mars 2024] Ivanti a publié le 29 février des recommandations de résolution pour les Ivanti Connect Secure ou Policy Secure en machine virtuelle [16]. [Mise à jour du 15 février 2024] l'éditeur a publié le 15 février des correctifs pour les versions suivantes, qui n'en...",https://www.cert.ssi.gouv.fr/alerte/CERTFR-2024-ALE-001/,"Thu, 11 Jan 2024 00:00:00 +0000",[MàJ] Multiples vulnérabilités dans Ivanti Connect Secure et Policy Secure Gateways (11 janvier 2024),CVE-2024-21888,"A privilege escalation vulnerability in web component of Ivanti Connect Secure (9.x, 22.x) and Ivanti Policy Secure (9.x, 22.x) allows a user to elevate privileges to that of an administrator. ",8.8,Non disponible,Non disponible,0.61255,Ivanti,ICS,"['9.1R18', '22.6R2']"
19,[MàJ] Multiples vulnérabilités dans Ivanti Connect Secure et Policy Secure Gateways (11 janvier 2024),"[Mise à jour du 4 mars 2024] Ivanti a publié le 29 février des recommandations de résolution pour les Ivanti Connect Secure ou Policy Secure en machine virtuelle [16]. [Mise à jour du 15 février 2024] l'éditeur a publié le 15 février des correctifs pour les versions suivantes, qui n'en...",https://www.cert.ssi.gouv.fr/alerte/CERTFR-2024-ALE-001/,"Thu, 11 Jan 2024 00:00:00 +0000",[MàJ] Multiples vulnérabilités dans Ivanti Connect Secure et Policy Secure Gateways (11 janvier 2024),CVE-2024-21888,"A privilege escalation vulnerability in web component of Ivanti Connect Secure (9.x, 22.x) and Ivanti Policy Secure (9.x, 22.x) allows a user to elevate privileges to that of an administrator. ",8.8,Non disponible,Non disponible,0.61255,Ivanti,IPS,"['9.1R18', '22.6R1']"
20,[MàJ] Multiples vulnérabilités dans Ivanti Connect Secure et Policy Secure Gateways (11 janvier 2024),"[Mise à jour du 4 mars 2024] Ivanti a publié le 29 février des recommandations de résolution pour les Ivanti Connect Secure ou Policy Secure en machine virtuelle [16]. [Mise à jour du 15 février 2024] l'éditeur a publié le 15 février des correctifs pour les versions suivantes, qui n'en...",https://www.cert.ssi.gouv.fr/alerte/CERTFR-2024-ALE-001/,"Thu, 11 Jan 2024 00:00:00 +0000",[MàJ] Multiples vulnérabilités dans Ivanti Connect Secure et Policy Secure Gateways (11 janvier 2024),CVE-2024-22024,"An XML external entity or XXE vulnerability in the SAML component of Ivanti Connect Secure (9.x, 22.x), Ivanti Policy Secure (9.x, 22.x) and ZTA gateways which allows an attacker to access certain restricted resources without authentication.",8.3,Non disponible,Non disponible,0.94249,Ivanti,ICS,"['9.1R14.5', '9.1R17.3', '9.1R18.4', '22.1R6.1', '9.1R14.4', '9.1R15.2', '9.1R16.2', '9.1R17.2', '9.1R18.3', '22.1R6.1', '22.2R4.1', '22.3R1.1', '22.4R1.1', '22.5R1.2', '22.6R1.1', '22.4R2.3', '22.5R2.3', '22.6R2.2', '22.2R4.1', '22.3R1', '22.4R1.1', '22.5R1.1', '22.6R1.1', '22.4R2.2', '22.5R2.2', '22.6R2.2']"
21,[MàJ] Multiples vulnérabilités dans Ivanti Connect Secure et Policy Secure Gateways (11 janvier 2024),"[Mise à jour du 4 mars 2024] Ivanti a publié le 29 février des recommandations de résolution pour les Ivanti Connect Secure ou Policy Secure en machine virtuelle [16]. [Mise à jour du 15 février 2024] l'éditeur a publié le 15 février des correctifs pour les versions suivantes, qui n'en...",https://www.cert.ssi.gouv.fr/alerte/CERTFR-2024-ALE-001/,"Thu, 11 Jan 2024 00:00:00 +0000",[MàJ] Multiples vulnérabilités dans Ivanti Connect Secure et Policy Secure Gateways (11 janvier 2024),CVE-2024-22024,"An XML external entity or XXE vulnerability in the SAML component of Ivanti Connect Secure (9.x, 22.x), Ivanti Policy Secure (9.x, 22.x) and ZTA gateways which allows an attacker to access certain restricted resources without authentication.",8.3,Non disponible,Non disponible,0.94249,Ivant ,ICS,['9.1R15.3']
22,[MàJ] Multiples vulnérabilités dans Ivanti Connect Secure et Policy Secure Gateways (11 janvier 2024),"[Mise à jour du 4 mars 2024] Ivanti a publié le 29 février des recommandations de résolution pour les Ivanti Connect Secure ou Policy Secure en machine virtuelle [16]. [Mise à jour du 15 février 2024] l'éditeur a publié le 15 février des correctifs pour les versions suivantes, qui n'en...",https://www.cert.ssi.gouv.fr/alerte/CERTFR-2024-ALE-001/,"Thu, 11 Jan 2024 00:00:00 +0000",[MàJ] Multiples vulnérabilités dans Ivanti Connect Secure et Policy Secure Gateways (11 janvier 2024),CVE-2024-22024,"An XML external entity or XXE vulnerability in the SAML component of Ivanti Connect Secure (9.x, 22.x), Ivanti Policy Secure (9.x, 22.x) and ZTA gateways which allows an attacker to access certain restricted resources without authentication.",8.3,Non disponible,Non disponible,0.94249,Ivanti,IPS,"['9.1R18.4', '9.1R17.3', '22.5R1.2', '9.1R18.2', '9.1R17.2', '22.5R1.1']"
23,[MàJ] Multiples vulnérabilités dans Ivanti Connect Secure et Policy Secure Gateways (11 janvier 2024),"[Mise à jour du 4 mars 2024] Ivanti a publié le 29 février des recommandations de résolution pour les Ivanti Connect Secure ou Policy Secure en machine virtuelle [16]. [Mise à jour du 15 février 2024] l'éditeur a publié le 15 février des correctifs pour les versions suivantes, qui n'en...",https://www.cert.ssi.gouv.fr/alerte/CERTFR-2024-ALE-001/,"Thu, 11 Jan 2024 00:00:00 +0000",[MàJ] Multiples vulnérabilités dans Ivanti Connect Secure et Policy Secure Gateways (11 janvier 2024),CVE-2024-21887,"A command injection vulnerability in web components of Ivanti Connect Secure (9.x, 22.x) and Ivanti Policy Secure (9.x, 22.x)  allows an authenticated administrator to send specially crafted requests and execute arbitrary commands on the appliance.",9.1,Non disponible,Non disponible,0.94412,Ivanti,ICS,"['9.1R18', '22.6R2']"
24,[MàJ] Multiples vulnérabilités dans Ivanti Connect Secure et Policy Secure Gateways (11 janvier 2024),"[Mise à jour du 4 mars 2024] Ivanti a publié le 29 février des recommandations de résolution pour les Ivanti Connect Secure ou Policy Secure en machine virtuelle [16]. [Mise à jour du 15 février 2024] l'éditeur a publié le 15 février des correctifs pour les versions suivantes, qui n'en...",https://www.cert.ssi.gouv.fr/alerte/CERTFR-2024-ALE-001/,"Thu, 11 Jan 2024 00:00:00 +0000",[MàJ] Multiples vulnérabilités dans Ivanti Connect Secure et Policy Secure Gateways (11 janvier 2024),CVE-2024-21887,"A command injection vulnerability in web components of Ivanti Connect Secure (9.x, 22.x) and Ivanti Policy Secure (9.x, 22.x)  allows an authenticated administrator to send specially crafted requests and execute arbitrary commands on the appliance.",9.1,Non disponible,Non disponible,0.94412,Ivanti,IPS,"['9.1R18', '22.6R1']"
25,[MàJ] Multiples Vulnérabilités dans GitLab (12 janvier 2024),"\[Mise à jour du 29 janvier 2024\] Le 25 janvier 2024, l'éditeur a publié un avis de sécurité concernant plusieurs vulnérabilités affectant GitLab CE et EE. La vulnérabilité CVE-2024-0402 est considérée critique avec un score CVSSv3 de 9,9. Elle permet à un attaquant authentifié d'écrire des...",https://www.cert.ssi.gouv.fr/alerte/CERTFR-2024-ALE-002/,"Fri, 12 Jan 2024 00:00:00 +0000",[MàJ] Multiples Vulnérabilités dans GitLab (12 janvier 2024),CVE-2023-7028,"An issue has been discovered in GitLab CE/EE affecting all versions from 16.1 prior to 16.1.6, 16.2 prior to 16.2.9, 16.3 prior to 16.3.7, 16.4 prior to 16.4.5, 16.5 prior to 16.5.6, 16.6 prior to 16.6.4, and 16.7 prior to 16.7.2 in which user account password reset emails could be delivered to an unverified email address.",10,CWE-640,CWE-640: Weak Password Recovery Mechanism for Forgotten Password,0.93426,GitLab,GitLab,"['16.1', '16.2', '16.3', '16.4', '16.5', '16.6', '16.7']"
26,[MàJ] Multiples Vulnérabilités dans GitLab (12 janvier 2024),"\[Mise à jour du 29 janvier 2024\] Le 25 janvier 2024, l'éditeur a publié un avis de sécurité concernant plusieurs vulnérabilités affectant GitLab CE et EE. La vulnérabilité CVE-2024-0402 est considérée critique avec un score CVSSv3 de 9,9. Elle permet à un attaquant authentifié d'écrire des...",https://www.cert.ssi.gouv.fr/alerte/CERTFR-2024-ALE-002/,"Fri, 12 Jan 2024 00:00:00 +0000",[MàJ] Multiples Vulnérabilités dans GitLab (12 janvier 2024),CVE-2024-0402,"An issue has been discovered in GitLab CE/EE affecting all versions from 16.0 prior to 16.6.6, 16.7 prior to 16.7.4, and 16.8 prior to 16.8.1 which allows an authenticated user to write files to arbitrary locations on the GitLab server while creating a workspace.",9.9,CWE-22,CWE-22: Improper Limitation of a Pathname to a Restricted Directory ('Path Traversal'),0.4459,GitLab,GitLab,"['16.0', '16.6', '16.7', '16.8']"
27,[MàJ] Vulnérabilité dans Fortinet FortiOS (09 février 2024),"\[Mise à jour du 19 mars 2024\] Le CERT-FR a connaissance de codes d'exploitation publics et de nouvelles tentatives d'exploitation. Le 8 février 2024, Fortinet a publié l'avis de sécurité concernant la vulnérabilité critique CVE-2024-21762 affectant le VPN SSL de FortiOS. Cette vulnérabilité...",https://www.cert.ssi.gouv.fr/alerte/CERTFR-2024-ALE-004/,"Fri, 09 Feb 2024 00:00:00 +0000",[MàJ] Vulnérabilité dans Fortinet FortiOS (09 février 2024),CVE-2024-21762,"A out-of-bounds write in Fortinet FortiOS versions 7.4.0 through 7.4.2, 7.2.0 through 7.2.6, 7.0.0 through 7.0.13, 6.4.0 through 6.4.14, 6.2.0 through 6.2.15, 6.0.0 through 6.0.17, FortiProxy versions 7.4.0 through 7.4.2, 7.2.0 through 7.2.8, 7.0.0 through 7.0.14, 2.0.0 through 2.0.13, 1.2.0 through 1.2.13, 1.1.0 through 1.1.6, 1.0.0 through 1.0.7 allows attacker to execute unauthorized code or commands via specifically crafted requests",9.6,CWE-787,Execute unauthorized code or commands,0.92637,Fortinet,FortiProxy,"['7.4.0', '7.2.0', '7.0.0', '2.0.0', '1.2.0', '1.1.0', '1.0.0']"
28,[MàJ] Vulnérabilité dans Fortinet FortiOS (09 février 2024),"\[Mise à jour du 19 mars 2024\] Le CERT-FR a connaissance de codes d'exploitation publics et de nouvelles tentatives d'exploitation. Le 8 février 2024, Fortinet a publié l'avis de sécurité concernant la vulnérabilité critique CVE-2024-21762 affectant le VPN SSL de FortiOS. Cette vulnérabilité...",https://www.cert.ssi.gouv.fr/alerte/CERTFR-2024-ALE-004/,"Fri, 09 Feb 2024 00:00:00 +0000",[MàJ] Vulnérabilité dans Fortinet FortiOS (09 février 2024),CVE-2024-21762,"A out-of-bounds write in Fortinet FortiOS versions 7.4.0 through 7.4.2, 7.2.0 through 7.2.6, 7.0.0 through 7.0.13, 6.4.0 through 6.4.14, 6.2.0 through 6.2.15, 6.0.0 through 6.0.17, FortiProxy versions 7.4.0 through 7.4.2, 7.2.0 through 7.2.8, 7.0.0 through 7.0.14, 2.0.0 through 2.0.13, 1.2.0 through 1.2.13, 1.1.0 through 1.1.6, 1.0.0 through 1.0.7 allows attacker to execute unauthorized code or commands via specifically crafted requests",9.6,CWE-787,Execute unauthorized code or commands,0.92637,Fortinet,FortiOS,"['7.4.0', '7.2.0', '7.0.0', '6.4.0', '6.2.0', '6.0.0']"
29,[MàJ] Vulnérabilité dans Microsoft Outlook (15 février 2024),\[Mise à jour du 15 mars 2024\] Ajout de précision concernant les défi-réponses NTLM \[Mise à jour du 22 février 2024\] Ajout de recommandations et de précisions sur le fonctionnement de la vulnérabilité. La vulnérabilité CVE-2024-21413 permet à un attaquant de contourner les mesures de sécurité...,https://www.cert.ssi.gouv.fr/alerte/CERTFR-2024-ALE-005/,"Thu, 15 Feb 2024 00:00:00 +0000",[MàJ] Vulnérabilité dans Microsoft Outlook (15 février 2024),CVE-2024-21413,Microsoft Outlook Remote Code Execution Vulnerability,9.8,CWE-20,CWE-20: Improper Input Validation,0.92962,Microsoft,Microsoft Office 2019,['19.0.0']
30,[MàJ] Vulnérabilité dans Microsoft Outlook (15 février 2024),\[Mise à jour du 15 mars 2024\] Ajout de précision concernant les défi-réponses NTLM \[Mise à jour du 22 février 2024\] Ajout de recommandations et de précisions sur le fonctionnement de la vulnérabilité. La vulnérabilité CVE-2024-21413 permet à un attaquant de contourner les mesures de sécurité...,https://www.cert.ssi.gouv.fr/alerte/CERTFR-2024-ALE-005/,"Thu, 15 Feb 2024 00:00:00 +0000",[MàJ] Vulnérabilité dans Microsoft Outlook (15 février 2024),CVE-2024-21413,Microsoft Outlook Remote Code Execution Vulnerability,9.8,CWE-20,CWE-20: Improper Input Validation,0.92962,Microsoft,Microsoft 365 Apps for Enterprise,['16.0.1']
31,[MàJ] Vulnérabilité dans Microsoft Outlook (15 février 2024),\[Mise à jour du 15 mars 2024\] Ajout de précision concernant les défi-réponses NTLM \[Mise à jour du 22 février 2024\] Ajout de recommandations et de précisions sur le fonctionnement de la vulnérabilité. La vulnérabilité CVE-2024-21413 permet à un attaquant de contourner les mesures de sécurité...,https://www.cert.ssi.gouv.fr/alerte/CERTFR-2024-ALE-005/,"Thu, 15 Feb 2024 00:00:00 +0000",[MàJ] Vulnérabilité dans Microsoft Outlook (15 février 2024),CVE-2024-21413,Microsoft Outlook Remote Code Execution Vulnerability,9.8,CWE-20,CWE-20: Improper Input Validation,0.92962,Microsoft,Microsoft Office LTSC 2021,['16.0.1']
32,[MàJ] Vulnérabilité dans Microsoft Outlook (15 février 2024),\[Mise à jour du 15 mars 2024\] Ajout de précision concernant les défi-réponses NTLM \[Mise à jour du 22 février 2024\] Ajout de recommandations et de précisions sur le fonctionnement de la vulnérabilité. La vulnérabilité CVE-2024-21413 permet à un attaquant de contourner les mesures de sécurité...,https://www.cert.ssi.gouv.fr/alerte/CERTFR-2024-ALE-005/,"Thu, 15 Feb 2024 00:00:00 +0000",[MàJ] Vulnérabilité dans Microsoft Outlook (15 février 2024),CVE-2024-21413,Microsoft Outlook Remote Code Execution Vulnerability,9.8,CWE-20,CWE-20: Improper Input Validation,0.92962,Microsoft,Microsoft Office 2016,['16.0.0']
33,[MàJ] Vulnérabilité dans Palo Alto Networks GlobalProtect (12 avril 2024),"\[Mise à jour du 10 mai 2024\] Le CERT-FR est intervenu pour le traitement d'une compromission par rançongiciel au sein d'une entité française. Dans le cadre de cette attaque, la vulnérabilité a été exploitée pour ensuite réaliser une latéralisation dans le système d'information de la victime et...",https://www.cert.ssi.gouv.fr/alerte/CERTFR-2024-ALE-006/,"Fri, 12 Apr 2024 00:00:00 +0000",[MàJ] Vulnérabilité dans Palo Alto Networks GlobalProtect (12 avril 2024),CVE-2024-3400,"A command injection as a result of arbitrary file creation vulnerability in the GlobalProtect feature of Palo Alto Networks PAN-OS software for specific PAN-OS versions and distinct feature configurations may enable an unauthenticated attacker to execute arbitrary code with root privileges on the firewall.

Cloud NGFW, Panorama appliances, and Prisma Access are not impacted by this vulnerability.",10,CWE-77,CWE-77 Improper Neutralization of Special Elements used in a Command ('Command Injection'),0.94297,Palo Alto Networks,PAN-OS,"['9.0.0', '9.1.0', '10.0.0', '10.1.0', '10.2.0', '11.0.0', '11.1.0']"
34,[MàJ] Vulnérabilité dans Palo Alto Networks GlobalProtect (12 avril 2024),"\[Mise à jour du 10 mai 2024\] Le CERT-FR est intervenu pour le traitement d'une compromission par rançongiciel au sein d'une entité française. Dans le cadre de cette attaque, la vulnérabilité a été exploitée pour ensuite réaliser une latéralisation dans le système d'information de la victime et...",https://www.cert.ssi.gouv.fr/alerte/CERTFR-2024-ALE-006/,"Fri, 12 Apr 2024 00:00:00 +0000",[MàJ] Vulnérabilité dans Palo Alto Networks GlobalProtect (12 avril 2024),CVE-2024-3400,"A command injection as a result of arbitrary file creation vulnerability in the GlobalProtect feature of Palo Alto Networks PAN-OS software for specific PAN-OS versions and distinct feature configurations may enable an unauthenticated attacker to execute arbitrary code with root privileges on the firewall.

Cloud NGFW, Panorama appliances, and Prisma Access are not impacted by this vulnerability.",10,CWE-77,CWE-77 Improper Neutralization of Special Elements used in a Command ('Command Injection'),0.94297,Palo Alto Networks,Cloud NGFW,['All']
35,[MàJ] Vulnérabilité dans Palo Alto Networks GlobalProtect (12 avril 2024),"\[Mise à jour du 10 mai 2024\] Le CERT-FR est intervenu pour le traitement d'une compromission par rançongiciel au sein d'une entité française. Dans le cadre de cette attaque, la vulnérabilité a été exploitée pour ensuite réaliser une latéralisation dans le système d'information de la victime et...",https://www.cert.ssi.gouv.fr/alerte/CERTFR-2024-ALE-006/,"Fri, 12 Apr 2024 00:00:00 +0000",[MàJ] Vulnérabilité dans Palo Alto Networks GlobalProtect (12 avril 2024),CVE-2024-3400,"A command injection as a result of arbitrary file creation vulnerability in the GlobalProtect feature of Palo Alto Networks PAN-OS software for specific PAN-OS versions and distinct feature configurations may enable an unauthenticated attacker to execute arbitrary code with root privileges on the firewall.

Cloud NGFW, Panorama appliances, and Prisma Access are not impacted by this vulnerability.",10,CWE-77,CWE-77 Improper Neutralization of Special Elements used in a Command ('Command Injection'),0.94297,Palo Alto Networks,Prisma Access,['All']
36,Multiples vulnérabilités dans les produits Cisco (25 avril 2024),"Le 24 avril 2024, Cisco a publié trois avis de sécurité concernant des vulnérabilités affectant les équipements de sécurité ASA et FTD. Deux d'entre eux concernent les vulnérabilités CVE-2024-20353 et CVE-2024-20359 qui sont activement exploitées dans le cadre d'attaques ciblées. La vulnérabilité...",https://www.cert.ssi.gouv.fr/alerte/CERTFR-2024-ALE-007/,"Thu, 25 Apr 2024 00:00:00 +0000",Multiples vulnérabilités dans les produits Cisco (25 avril 2024),CVE-2024-20353,"A vulnerability in the management and VPN web servers for Cisco Adaptive Security Appliance (ASA) Software and Cisco Firepower Threat Defense (FTD) Software could allow an unauthenticated, remote attacker to cause the device to reload unexpectedly, resulting in a denial of service (DoS) condition.
 This vulnerability is due to incomplete error checking when parsing an HTTP header. An attacker could exploit this vulnerability by sending a crafted HTTP request to a targeted web server on a device. A successful exploit could allow the attacker to cause a DoS condition when the device reloads.",8.6,CWE-835,Loop with Unreachable Exit Condition ('Infinite Loop'),0.18833,Cisco,Cisco Adaptive Security Appliance (ASA) Software,"['9.8.1', '9.8.1.5', '9.8.1.7', '9.8.2', '9.8.2.8', '9.8.2.14', '9.8.2.15', '9.8.2.17', '9.8.2.20', '9.8.2.24', '9.8.2.26', '9.8.2.28', '9.8.2.33', '9.8.2.35', '9.8.2.38', '9.8.3.8', '9.8.3.11', '9.8.3.14', '9.8.3.16', '9.8.3.18', '9.8.3.21', '9.8.3', '9.8.3.26', '9.8.3.29', '9.8.4', '9.8.4.3', '9.8.4.7', '9.8.4.8', '9.8.4.10', '9.8.4.12', '9.8.4.15', '9.8.4.17', '9.8.4.25', '9.8.4.20', '9.8.4.22', '9.8.4.26', '9.8.4.29', '9.8.4.32', '9.8.4.33', '9.8.4.34', '9.8.4.35', '9.8.4.39', '9.8.4.40', '9.8.4.41', '9.8.4.43', '9.8.4.44', '9.8.4.45', '9.8.4.46', '9.8.4.48', '9.12.1', '9.12.1.2', '9.12.1.3', '9.12.2', '9.12.2.4', '9.12.2.5', '9.12.2.9', '9.12.3', '9.12.3.2', '9.12.3.7', '9.12.4', '9.12.3.12', '9.12.3.9', '9.12.2.1', '9.12.4.2', '9.12.4.4', '9.12.4.7', '9.12.4.10', '9.12.4.13', '9.12.4.8', '9.12.4.18', '9.12.4.24', '9.12.4.26', '9.12.4.29', '9.12.4.30', '9.12.4.35', '9.12.4.37', '9.12.4.38', '9.12.4.39', '9.12.4.40', '9.12.4.41', '9.12.4.47', '9.12.4.48', '9.12.4.50', '9.12.4.52', '9.12.4.54', '9.12.4.55', '9.12.4.56', '9.12.4.58', '9.12.4.62', '9.12.4.65', '9.14.1', '9.14.1.10', '9.14.1.6', '9.14.1.15', '9.14.1.19', '9.14.1.30', '9.14.2', '9.14.2.4', '9.14.2.8', '9.14.2.13', '9.14.2.15', '9.14.3', '9.14.3.1', '9.14.3.9', '9.14.3.11', '9.14.3.13', '9.14.3.18', '9.14.3.15', '9.14.4', '9.14.4.6', '9.14.4.7', '9.14.4.12', '9.14.4.13', '9.14.4.14', '9.14.4.15', '9.14.4.17', '9.14.4.22', '9.14.4.23', '9.15.1', '9.15.1.7', '9.15.1.10', '9.15.1.15', '9.15.1.16', '9.15.1.17', '9.15.1.1', '9.15.1.21', '9.16.1', '9.16.1.28', '9.16.2', '9.16.2.3', '9.16.2.7', '9.16.2.11', '9.16.2.13', '9.16.2.14', '9.16.3', '9.16.3.3', '9.16.3.14', '9.16.3.15', '9.16.3.19', '9.16.3.23', '9.16.4', '9.16.4.9', '9.16.4.14', '9.16.4.18', '9.16.4.19', '9.16.4.27', '9.16.4.38', '9.16.4.39', '9.16.4.42', '9.16.4.48', '9.16.4.55', '9.17.1', '9.17.1.7', '9.17.1.9', '9.17.1.10', '9.17.1.11', '9.17.1.13', '9.17.1.15', '9.17.1.20', '9.17.1.30', '9.17.1.33', '9.18.1', '9.18.1.3', '9.18.2', '9.18.2.5', '9.18.2.7', '9.18.2.8', '9.18.3', '9.18.3.39', '9.18.3.46', '9.18.3.53', '9.18.3.55', '9.18.3.56', '9.18.4', '9.18.4.5', '9.18.4.8', '9.19.1', '9.19.1.5', '9.19.1.9', '9.19.1.12', '9.19.1.18', '9.19.1.22', '9.19.1.24', '9.19.1.27', '9.20.1', '9.20.1.5', '9.20.2']"
37,Multiples vulnérabilités dans les produits Cisco (25 avril 2024),"Le 24 avril 2024, Cisco a publié trois avis de sécurité concernant des vulnérabilités affectant les équipements de sécurité ASA et FTD. Deux d'entre eux concernent les vulnérabilités CVE-2024-20353 et CVE-2024-20359 qui sont activement exploitées dans le cadre d'attaques ciblées. La vulnérabilité...",https://www.cert.ssi.gouv.fr/alerte/CERTFR-2024-ALE-007/,"Thu, 25 Apr 2024 00:00:00 +0000",Multiples vulnérabilités dans les produits Cisco (25 avril 2024),CVE-2024-20353,"A vulnerability in the management and VPN web servers for Cisco Adaptive Security Appliance (ASA) Software and Cisco Firepower Threat Defense (FTD) Software could allow an unauthenticated, remote attacker to cause the device to reload unexpectedly, resulting in a denial of service (DoS) condition.
 This vulnerability is due to incomplete error checking when parsing an HTTP header. An attacker could exploit this vulnerability by sending a crafted HTTP request to a targeted web server on a device. A successful exploit could allow the attacker to cause a DoS condition when the device reloads.",8.6,CWE-835,Loop with Unreachable Exit Condition ('Infinite Loop'),0.18833,Cisco,Cisco Firepower Threat Defense Software,"['6.2.3', '6.2.3.1', '6.2.3.2', '6.2.3.3', '6.2.3.4', '6.2.3.5', '6.2.3.6', '6.2.3.7', '6.2.3.8', '6.2.3.10', '6.2.3.11', '6.2.3.9', '6.2.3.12', '6.2.3.13', '6.2.3.14', '6.2.3.15', '6.2.3.16', '6.2.3.17', '6.2.3.18', '6.6.0', '6.6.0.1', '6.6.1', '6.6.3', '6.6.4', '6.6.5', '6.6.5.1', '6.6.5.2', '6.6.7', '6.6.7.1', '6.4.0', '6.4.0.1', '6.4.0.3', '6.4.0.2', '6.4.0.4', '6.4.0.5', '6.4.0.6', '6.4.0.7', '6.4.0.8', '6.4.0.9', '6.4.0.10', '6.4.0.11', '6.4.0.12', '6.4.0.13', '6.4.0.14', '6.4.0.15', '6.4.0.16', '6.4.0.17', '6.7.0', '6.7.0.1', '6.7.0.2', '6.7.0.3', '7.0.0', '7.0.0.1', '7.0.1', '7.0.1.1', '7.0.2', '7.0.2.1', '7.0.3', '7.0.4', '7.0.5', '7.0.6', '7.0.6.1', '7.1.0', '7.1.0.1', '7.1.0.2', '7.1.0.3', '7.2.0', '7.2.0.1', '7.2.1', '7.2.2', '7.2.3', '7.2.4', '7.2.4.1', '7.2.5', '7.2.5.1', '7.3.0', '7.3.1', '7.3.1.1', '7.4.0', '7.4.1']"
38,Multiples vulnérabilités dans les produits Cisco (25 avril 2024),"Le 24 avril 2024, Cisco a publié trois avis de sécurité concernant des vulnérabilités affectant les équipements de sécurité ASA et FTD. Deux d'entre eux concernent les vulnérabilités CVE-2024-20353 et CVE-2024-20359 qui sont activement exploitées dans le cadre d'attaques ciblées. La vulnérabilité...",https://www.cert.ssi.gouv.fr/alerte/CERTFR-2024-ALE-007/,"Thu, 25 Apr 2024 00:00:00 +0000",Multiples vulnérabilités dans les produits Cisco (25 avril 2024),CVE-2024-20359,"A vulnerability in a legacy capability that allowed for the preloading of VPN clients and plug-ins and that has been available in Cisco Adaptive Security Appliance (ASA) Software and Cisco Firepower Threat Defense (FTD) Software could allow an authenticated, local attacker to execute arbitrary code with root-level privileges. Administrator-level privileges are required to exploit this vulnerability.
 This vulnerability is due to improper validation of a file when it is read from system flash memory. An attacker could exploit this vulnerability by copying a crafted file to the disk0: file system of an affected device. A successful exploit could allow the attacker to execute arbitrary code on the affected device after the next reload of the device, which could alter system behavior. Because the injected code could persist across device reboots, Cisco has raised the Security Impact Rating (SIR) of this advisory from Medium to High.",6,CWE-94,Improper Control of Generation of Code ('Code Injection'),0.00138,Cisco,Cisco Adaptive Security Appliance (ASA) Software,"['9.8.1', '9.8.1.5', '9.8.1.7', '9.8.2', '9.8.2.8', '9.8.2.14', '9.8.2.15', '9.8.2.17', '9.8.2.20', '9.8.2.24', '9.8.2.26', '9.8.2.28', '9.8.2.33', '9.8.2.35', '9.8.2.38', '9.8.3.8', '9.8.3.11', '9.8.3.14', '9.8.3.16', '9.8.3.18', '9.8.3.21', '9.8.3', '9.8.3.26', '9.8.3.29', '9.8.4', '9.8.4.3', '9.8.4.7', '9.8.4.8', '9.8.4.10', '9.8.4.12', '9.8.4.15', '9.8.4.17', '9.8.4.25', '9.8.4.20', '9.8.4.22', '9.8.4.26', '9.8.4.29', '9.8.4.32', '9.8.4.33', '9.8.4.34', '9.8.4.35', '9.8.4.39', '9.8.4.40', '9.8.4.41', '9.8.4.43', '9.8.4.44', '9.8.4.45', '9.8.4.46', '9.8.4.48', '9.12.1', '9.12.1.2', '9.12.1.3', '9.12.2', '9.12.2.4', '9.12.2.5', '9.12.2.9', '9.12.3', '9.12.3.2', '9.12.3.7', '9.12.4', '9.12.3.12', '9.12.3.9', '9.12.2.1', '9.12.4.2', '9.12.4.4', '9.12.4.7', '9.12.4.10', '9.12.4.13', '9.12.4.8', '9.12.4.18', '9.12.4.24', '9.12.4.26', '9.12.4.29', '9.12.4.30', '9.12.4.35', '9.12.4.37', '9.12.4.38', '9.12.4.39', '9.12.4.40', '9.12.4.41', '9.12.4.47', '9.12.4.48', '9.12.4.50', '9.12.4.52', '9.12.4.54', '9.12.4.55', '9.12.4.56', '9.12.4.58', '9.12.4.62', '9.12.4.65', '9.14.1', '9.14.1.10', '9.14.1.6', '9.14.1.15', '9.14.1.19', '9.14.1.30', '9.14.2', '9.14.2.4', '9.14.2.8', '9.14.2.13', '9.14.2.15', '9.14.3', '9.14.3.1', '9.14.3.9', '9.14.3.11', '9.14.3.13', '9.14.3.18', '9.14.3.15', '9.14.4', '9.14.4.6', '9.14.4.7', '9.14.4.12', '9.14.4.13', '9.14.4.14', '9.14.4.15', '9.14.4.17', '9.14.4.22', '9.14.4.23', '9.15.1', '9.15.1.7', '9.15.1.10', '9.15.1.15', '9.15.1.16', '9.15.1.17', '9.15.1.1', '9.15.1.21', '9.16.1', '9.16.1.28', '9.16.2', '9.16.2.3', '9.16.2.7', '9.16.2.11', '9.16.2.13', '9.16.2.14', '9.16.3', '9.16.3.3', '9.16.3.14', '9.16.3.15', '9.16.3.19', '9.16.3.23', '9.16.4', '9.16.4.9', '9.16.4.14', '9.16.4.18', '9.16.4.19', '9.16.4.27', '9.16.4.38', '9.16.4.39', '9.16.4.42', '9.16.4.48', '9.16.4.55', '9.17.1', '9.17.1.7', '9.17.1.9', '9.17.1.10', '9.17.1.11', '9.17.1.13', '9.17.1.15', '9.17.1.20', '9.17.1.30', '9.17.1.33', '9.18.1', '9.18.1.3', '9.18.2', '9.18.2.5', '9.18.2.7', '9.18.2.8', '9.18.3', '9.18.3.39', '9.18.3.46', '9.18.3.53', '9.18.3.55', '9.18.3.56', '9.18.4', '9.18.4.5', '9.18.4.8', '9.19.1', '9.19.1.5', '9.19.1.9', '9.19.1.12', '9.19.1.18', '9.19.1.22', '9.19.1.24', '9.19.1.27', '9.20.1', '9.20.1.5', '9.20.2']"
39,Multiples vulnérabilités dans les produits Cisco (25 avril 2024),"Le 24 avril 2024, Cisco a publié trois avis de sécurité concernant des vulnérabilités affectant les équipements de sécurité ASA et FTD. Deux d'entre eux concernent les vulnérabilités CVE-2024-20353 et CVE-2024-20359 qui sont activement exploitées dans le cadre d'attaques ciblées. La vulnérabilité...",https://www.cert.ssi.gouv.fr/alerte/CERTFR-2024-ALE-007/,"Thu, 25 Apr 2024 00:00:00 +0000",Multiples vulnérabilités dans les produits Cisco (25 avril 2024),CVE-2024-20359,"A vulnerability in a legacy capability that allowed for the preloading of VPN clients and plug-ins and that has been available in Cisco Adaptive Security Appliance (ASA) Software and Cisco Firepower Threat Defense (FTD) Software could allow an authenticated, local attacker to execute arbitrary code with root-level privileges. Administrator-level privileges are required to exploit this vulnerability.
 This vulnerability is due to improper validation of a file when it is read from system flash memory. An attacker could exploit this vulnerability by copying a crafted file to the disk0: file system of an affected device. A successful exploit could allow the attacker to execute arbitrary code on the affected device after the next reload of the device, which could alter system behavior. Because the injected code could persist across device reboots, Cisco has raised the Security Impact Rating (SIR) of this advisory from Medium to High.",6,CWE-94,Improper Control of Generation of Code ('Code Injection'),0.00138,Cisco,Cisco Firepower Threat Defense Software,"['6.2.3', '6.2.3.1', '6.2.3.2', '6.2.3.3', '6.2.3.4', '6.2.3.5', '6.2.3.6', '6.2.3.7', '6.2.3.8', '6.2.3.10', '6.2.3.11', '6.2.3.9', '6.2.3.12', '6.2.3.13', '6.2.3.14', '6.2.3.15', '6.2.3.16', '6.2.3.17', '6.2.3.18', '6.6.0', '6.6.0.1', '6.6.1', '6.6.3', '6.6.4', '6.6.5', '6.6.5.1', '6.6.5.2', '6.6.7', '6.6.7.1', '6.4.0', '6.4.0.1', '6.4.0.3', '6.4.0.2', '6.4.0.4', '6.4.0.5', '6.4.0.6', '6.4.0.7', '6.4.0.8', '6.4.0.9', '6.4.0.10', '6.4.0.11', '6.4.0.12', '6.4.0.13', '6.4.0.14', '6.4.0.15', '6.4.0.16', '6.4.0.17', '6.7.0', '6.7.0.1', '6.7.0.2', '6.7.0.3', '7.0.0', '7.0.0.1', '7.0.1', '7.0.1.1', '7.0.2', '7.0.2.1', '7.0.3', '7.0.4', '7.0.5', '7.0.6', '7.0.6.1', '7.1.0', '7.1.0.1', '7.1.0.2', '7.1.0.3', '7.2.0', '7.2.0.1', '7.2.1', '7.2.2', '7.2.3', '7.2.4', '7.2.4.1', '7.2.5', '7.2.5.1', '7.3.0', '7.3.1', '7.3.1.1', '7.4.0', '7.4.1']"
40,[MàJ] Vulnérabilité dans les produits Check Point  (30 mai 2024),"[Mise à jour du 31 mai 2024] Des preuves de concept sont désormais disponibles publiquement sur Internet. De plus, l'éditeur indique avoir détecté des tentatives de compromission à partir du 7 avril 2024. **[Publication Initiale]** Une vulnérabilité a été découverte dans les produits Check Point....",https://www.cert.ssi.gouv.fr/alerte/CERTFR-2024-ALE-008/,"Thu, 30 May 2024 00:00:00 +0000",[MàJ] Vulnérabilité dans les produits Check Point  (30 mai 2024),CVE-2024-24919,Potentially allowing an attacker to read certain information on Check Point Security Gateways once connected to the internet and enabled with remote Access VPN or Mobile Access Software Blades. A Security fix that mitigates this vulnerability is available.,8.6,CWE-200,CWE-200: Exposure of Sensitive Information to an Unauthorized Actor,0.94342,checkpoint,"Check Point Quantum Gateway, Spark Gateway and CloudGuard Network","['Check Point Quantum Gateway and CloudGuard Network versions R81.20, R81.10, R81, R80.40 and Check Point Spark versions R81.10, R80.20.']"
41,Vulnérabilité dans OpenSSH (01 juillet 2024),"Le 1 juillet 2024, OpenSSH a publié un avis de sécurité concernant la vulnérabilité critique CVE-2024-6387. Cette vulnérabilité permet à un attaquant non authentifié d'exécuter du code arbitraire à distance avec les privilèges *root*. L'éditeur précise que les versions 8.5p1 à 9.7p1 sont...",https://www.cert.ssi.gouv.fr/alerte/CERTFR-2024-ALE-009/,"Mon, 01 Jul 2024 00:00:00 +0000",Vulnérabilité dans OpenSSH (01 juillet 2024),CVE-2024-6387,"A security regression (CVE-2006-5051) was discovered in OpenSSH's server (sshd). There is a race condition which can lead sshd to handle some signals in an unsafe manner. An unauthenticated, remote attacker may be able to trigger it by failing to authenticate within a set time period.",Non disponible,CWE-364,Signal Handler Race Condition,0.65792,,,['8.5p1']
42,Vulnérabilité dans OpenSSH (01 juillet 2024),"Le 1 juillet 2024, OpenSSH a publié un avis de sécurité concernant la vulnérabilité critique CVE-2024-6387. Cette vulnérabilité permet à un attaquant non authentifié d'exécuter du code arbitraire à distance avec les privilèges *root*. L'éditeur précise que les versions 8.5p1 à 9.7p1 sont...",https://www.cert.ssi.gouv.fr/alerte/CERTFR-2024-ALE-009/,"Mon, 01 Jul 2024 00:00:00 +0000",Vulnérabilité dans OpenSSH (01 juillet 2024),CVE-2024-6387,"A security regression (CVE-2006-5051) was discovered in OpenSSH's server (sshd). There is a race condition which can lead sshd to handle some signals in an unsafe manner. An unauthenticated, remote attacker may be able to trigger it by failing to authenticate within a set time period.",Non disponible,CWE-364,Signal Handler Race Condition,0.65792,Red Hat,Red Hat Enterprise Linux 9,['0:8.7p1-38.el9_4.1']
43,Vulnérabilité dans OpenSSH (01 juillet 2024),"Le 1 juillet 2024, OpenSSH a publié un avis de sécurité concernant la vulnérabilité critique CVE-2024-6387. Cette vulnérabilité permet à un attaquant non authentifié d'exécuter du code arbitraire à distance avec les privilèges *root*. L'éditeur précise que les versions 8.5p1 à 9.7p1 sont...",https://www.cert.ssi.gouv.fr/alerte/CERTFR-2024-ALE-009/,"Mon, 01 Jul 2024 00:00:00 +0000",Vulnérabilité dans OpenSSH (01 juillet 2024),CVE-2024-6387,"A security regression (CVE-2006-5051) was discovered in OpenSSH's server (sshd). There is a race condition which can lead sshd to handle some signals in an unsafe manner. An unauthenticated, remote attacker may be able to trigger it by failing to authenticate within a set time period.",Non disponible,CWE-364,Signal Handler Race Condition,0.65792,Red Hat,Red Hat Enterprise Linux 9,['0:8.7p1-38.el9_4.1']
44,Vulnérabilité dans OpenSSH (01 juillet 2024),"Le 1 juillet 2024, OpenSSH a publié un avis de sécurité concernant la vulnérabilité critique CVE-2024-6387. Cette vulnérabilité permet à un attaquant non authentifié d'exécuter du code arbitraire à distance avec les privilèges *root*. L'éditeur précise que les versions 8.5p1 à 9.7p1 sont...",https://www.cert.ssi.gouv.fr/alerte/CERTFR-2024-ALE-009/,"Mon, 01 Jul 2024 00:00:00 +0000",Vulnérabilité dans OpenSSH (01 juillet 2024),CVE-2024-6387,"A security regression (CVE-2006-5051) was discovered in OpenSSH's server (sshd). There is a race condition which can lead sshd to handle some signals in an unsafe manner. An unauthenticated, remote attacker may be able to trigger it by failing to authenticate within a set time period.",Non disponible,CWE-364,Signal Handler Race Condition,0.65792,Red Hat,Red Hat Enterprise Linux 9.0 Update Services for SAP Solutions,['0:8.7p1-12.el9_0.1']
45,Vulnérabilité dans OpenSSH (01 juillet 2024),"Le 1 juillet 2024, OpenSSH a publié un avis de sécurité concernant la vulnérabilité critique CVE-2024-6387. Cette vulnérabilité permet à un attaquant non authentifié d'exécuter du code arbitraire à distance avec les privilèges *root*. L'éditeur précise que les versions 8.5p1 à 9.7p1 sont...",https://www.cert.ssi.gouv.fr/alerte/CERTFR-2024-ALE-009/,"Mon, 01 Jul 2024 00:00:00 +0000",Vulnérabilité dans OpenSSH (01 juillet 2024),CVE-2024-6387,"A security regression (CVE-2006-5051) was discovered in OpenSSH's server (sshd). There is a race condition which can lead sshd to handle some signals in an unsafe manner. An unauthenticated, remote attacker may be able to trigger it by failing to authenticate within a set time period.",Non disponible,CWE-364,Signal Handler Race Condition,0.65792,Red Hat,Red Hat Enterprise Linux 9.2 Extended Update Support,['0:8.7p1-30.el9_2.4']
46,Vulnérabilité dans OpenSSH (01 juillet 2024),"Le 1 juillet 2024, OpenSSH a publié un avis de sécurité concernant la vulnérabilité critique CVE-2024-6387. Cette vulnérabilité permet à un attaquant non authentifié d'exécuter du code arbitraire à distance avec les privilèges *root*. L'éditeur précise que les versions 8.5p1 à 9.7p1 sont...",https://www.cert.ssi.gouv.fr/alerte/CERTFR-2024-ALE-009/,"Mon, 01 Jul 2024 00:00:00 +0000",Vulnérabilité dans OpenSSH (01 juillet 2024),CVE-2024-6387,"A security regression (CVE-2006-5051) was discovered in OpenSSH's server (sshd). There is a race condition which can lead sshd to handle some signals in an unsafe manner. An unauthenticated, remote attacker may be able to trigger it by failing to authenticate within a set time period.",Non disponible,CWE-364,Signal Handler Race Condition,0.65792,Red Hat,Red Hat OpenShift Container Platform 4.13,['413.92.202407091321-0']
47,Vulnérabilité dans OpenSSH (01 juillet 2024),"Le 1 juillet 2024, OpenSSH a publié un avis de sécurité concernant la vulnérabilité critique CVE-2024-6387. Cette vulnérabilité permet à un attaquant non authentifié d'exécuter du code arbitraire à distance avec les privilèges *root*. L'éditeur précise que les versions 8.5p1 à 9.7p1 sont...",https://www.cert.ssi.gouv.fr/alerte/CERTFR-2024-ALE-009/,"Mon, 01 Jul 2024 00:00:00 +0000",Vulnérabilité dans OpenSSH (01 juillet 2024),CVE-2024-6387,"A security regression (CVE-2006-5051) was discovered in OpenSSH's server (sshd). There is a race condition which can lead sshd to handle some signals in an unsafe manner. An unauthenticated, remote attacker may be able to trigger it by failing to authenticate within a set time period.",Non disponible,CWE-364,Signal Handler Race Condition,0.65792,Red Hat,Red Hat OpenShift Container Platform 4.14,['414.92.202407091253-0']
48,Vulnérabilité dans OpenSSH (01 juillet 2024),"Le 1 juillet 2024, OpenSSH a publié un avis de sécurité concernant la vulnérabilité critique CVE-2024-6387. Cette vulnérabilité permet à un attaquant non authentifié d'exécuter du code arbitraire à distance avec les privilèges *root*. L'éditeur précise que les versions 8.5p1 à 9.7p1 sont...",https://www.cert.ssi.gouv.fr/alerte/CERTFR-2024-ALE-009/,"Mon, 01 Jul 2024 00:00:00 +0000",Vulnérabilité dans OpenSSH (01 juillet 2024),CVE-2024-6387,"A security regression (CVE-2006-5051) was discovered in OpenSSH's server (sshd). There is a race condition which can lead sshd to handle some signals in an unsafe manner. An unauthenticated, remote attacker may be able to trigger it by failing to authenticate within a set time period.",Non disponible,CWE-364,Signal Handler Race Condition,0.65792,Red Hat,Red Hat OpenShift Container Platform 4.15,['415.92.202407091355-0']
49,Vulnérabilité dans OpenSSH (01 juillet 2024),"Le 1 juillet 2024, OpenSSH a publié un avis de sécurité concernant la vulnérabilité critique CVE-2024-6387. Cette vulnérabilité permet à un attaquant non authentifié d'exécuter du code arbitraire à distance avec les privilèges *root*. L'éditeur précise que les versions 8.5p1 à 9.7p1 sont...",https://www.cert.ssi.gouv.fr/alerte/CERTFR-2024-ALE-009/,"Mon, 01 Jul 2024 00:00:00 +0000",Vulnérabilité dans OpenSSH (01 juillet 2024),CVE-2024-6387,"A security regression (CVE-2006-5051) was discovered in OpenSSH's server (sshd). There is a race condition which can lead sshd to handle some signals in an unsafe manner. An unauthenticated, remote attacker may be able to trigger it by failing to authenticate within a set time period.",Non disponible,CWE-364,Signal Handler Race Condition,0.65792,Red Hat,Red Hat OpenShift Container Platform 4.16,['416.94.202407081958-0']
50,Vulnérabilité dans OpenSSH (01 juillet 2024),"Le 1 juillet 2024, OpenSSH a publié un avis de sécurité concernant la vulnérabilité critique CVE-2024-6387. Cette vulnérabilité permet à un attaquant non authentifié d'exécuter du code arbitraire à distance avec les privilèges *root*. L'éditeur précise que les versions 8.5p1 à 9.7p1 sont...",https://www.cert.ssi.gouv.fr/alerte/CERTFR-2024-ALE-009/,"Mon, 01 Jul 2024 00:00:00 +0000",Vulnérabilité dans OpenSSH (01 juillet 2024),CVE-2024-6387,"A security regression (CVE-2006-5051) was discovered in OpenSSH's server (sshd). There is a race condition which can lead sshd to handle some signals in an unsafe manner. An unauthenticated, remote attacker may be able to trigger it by failing to authenticate within a set time period.",Non disponible,CWE-364,Signal Handler Race Condition,0.65792,Red Hat,Red Hat Ceph Storage 5,
51,Vulnérabilité dans OpenSSH (01 juillet 2024),"Le 1 juillet 2024, OpenSSH a publié un avis de sécurité concernant la vulnérabilité critique CVE-2024-6387. Cette vulnérabilité permet à un attaquant non authentifié d'exécuter du code arbitraire à distance avec les privilèges *root*. L'éditeur précise que les versions 8.5p1 à 9.7p1 sont...",https://www.cert.ssi.gouv.fr/alerte/CERTFR-2024-ALE-009/,"Mon, 01 Jul 2024 00:00:00 +0000",Vulnérabilité dans OpenSSH (01 juillet 2024),CVE-2024-6387,"A security regression (CVE-2006-5051) was discovered in OpenSSH's server (sshd). There is a race condition which can lead sshd to handle some signals in an unsafe manner. An unauthenticated, remote attacker may be able to trigger it by failing to authenticate within a set time period.",Non disponible,CWE-364,Signal Handler Race Condition,0.65792,Red Hat,Red Hat Ceph Storage 6,
52,Vulnérabilité dans OpenSSH (01 juillet 2024),"Le 1 juillet 2024, OpenSSH a publié un avis de sécurité concernant la vulnérabilité critique CVE-2024-6387. Cette vulnérabilité permet à un attaquant non authentifié d'exécuter du code arbitraire à distance avec les privilèges *root*. L'éditeur précise que les versions 8.5p1 à 9.7p1 sont...",https://www.cert.ssi.gouv.fr/alerte/CERTFR-2024-ALE-009/,"Mon, 01 Jul 2024 00:00:00 +0000",Vulnérabilité dans OpenSSH (01 juillet 2024),CVE-2024-6387,"A security regression (CVE-2006-5051) was discovered in OpenSSH's server (sshd). There is a race condition which can lead sshd to handle some signals in an unsafe manner. An unauthenticated, remote attacker may be able to trigger it by failing to authenticate within a set time period.",Non disponible,CWE-364,Signal Handler Race Condition,0.65792,Red Hat,Red Hat Ceph Storage 7,
53,Vulnérabilité dans OpenSSH (01 juillet 2024),"Le 1 juillet 2024, OpenSSH a publié un avis de sécurité concernant la vulnérabilité critique CVE-2024-6387. Cette vulnérabilité permet à un attaquant non authentifié d'exécuter du code arbitraire à distance avec les privilèges *root*. L'éditeur précise que les versions 8.5p1 à 9.7p1 sont...",https://www.cert.ssi.gouv.fr/alerte/CERTFR-2024-ALE-009/,"Mon, 01 Jul 2024 00:00:00 +0000",Vulnérabilité dans OpenSSH (01 juillet 2024),CVE-2024-6387,"A security regression (CVE-2006-5051) was discovered in OpenSSH's server (sshd). There is a race condition which can lead sshd to handle some signals in an unsafe manner. An unauthenticated, remote attacker may be able to trigger it by failing to authenticate within a set time period.",Non disponible,CWE-364,Signal Handler Race Condition,0.65792,Red Hat,Red Hat Enterprise Linux 10,
54,Vulnérabilité dans OpenSSH (01 juillet 2024),"Le 1 juillet 2024, OpenSSH a publié un avis de sécurité concernant la vulnérabilité critique CVE-2024-6387. Cette vulnérabilité permet à un attaquant non authentifié d'exécuter du code arbitraire à distance avec les privilèges *root*. L'éditeur précise que les versions 8.5p1 à 9.7p1 sont...",https://www.cert.ssi.gouv.fr/alerte/CERTFR-2024-ALE-009/,"Mon, 01 Jul 2024 00:00:00 +0000",Vulnérabilité dans OpenSSH (01 juillet 2024),CVE-2024-6387,"A security regression (CVE-2006-5051) was discovered in OpenSSH's server (sshd). There is a race condition which can lead sshd to handle some signals in an unsafe manner. An unauthenticated, remote attacker may be able to trigger it by failing to authenticate within a set time period.",Non disponible,CWE-364,Signal Handler Race Condition,0.65792,Red Hat,Red Hat Enterprise Linux 6,
55,Vulnérabilité dans OpenSSH (01 juillet 2024),"Le 1 juillet 2024, OpenSSH a publié un avis de sécurité concernant la vulnérabilité critique CVE-2024-6387. Cette vulnérabilité permet à un attaquant non authentifié d'exécuter du code arbitraire à distance avec les privilèges *root*. L'éditeur précise que les versions 8.5p1 à 9.7p1 sont...",https://www.cert.ssi.gouv.fr/alerte/CERTFR-2024-ALE-009/,"Mon, 01 Jul 2024 00:00:00 +0000",Vulnérabilité dans OpenSSH (01 juillet 2024),CVE-2024-6387,"A security regression (CVE-2006-5051) was discovered in OpenSSH's server (sshd). There is a race condition which can lead sshd to handle some signals in an unsafe manner. An unauthenticated, remote attacker may be able to trigger it by failing to authenticate within a set time period.",Non disponible,CWE-364,Signal Handler Race Condition,0.65792,Red Hat,Red Hat Enterprise Linux 7,
56,Vulnérabilité dans OpenSSH (01 juillet 2024),"Le 1 juillet 2024, OpenSSH a publié un avis de sécurité concernant la vulnérabilité critique CVE-2024-6387. Cette vulnérabilité permet à un attaquant non authentifié d'exécuter du code arbitraire à distance avec les privilèges *root*. L'éditeur précise que les versions 8.5p1 à 9.7p1 sont...",https://www.cert.ssi.gouv.fr/alerte/CERTFR-2024-ALE-009/,"Mon, 01 Jul 2024 00:00:00 +0000",Vulnérabilité dans OpenSSH (01 juillet 2024),CVE-2024-6387,"A security regression (CVE-2006-5051) was discovered in OpenSSH's server (sshd). There is a race condition which can lead sshd to handle some signals in an unsafe manner. An unauthenticated, remote attacker may be able to trigger it by failing to authenticate within a set time period.",Non disponible,CWE-364,Signal Handler Race Condition,0.65792,Red Hat,Red Hat Enterprise Linux 8,
57,Multiples vulnérabilités dans Roundcube (09 août 2024),"Le 4 août 2024, Roundcube a publié des correctifs concernant les vulnérabilités critiques CVE-2024-42008 et CVE-2024-42009 affectant son serveur de courriel. Ces vulnérabilités permettent des injections de code indirectes à distance (XSS) qui peuvent, par exemple, conduire à la récupération du...",https://www.cert.ssi.gouv.fr/alerte/CERTFR-2024-ALE-010/,"Fri, 09 Aug 2024 00:00:00 +0000",Multiples vulnérabilités dans Roundcube (09 août 2024),CVE-2024-42009,A Cross-Site Scripting vulnerability in Roundcube through 1.5.7 and 1.6.x through 1.6.7 allows a remote attacker to steal and send emails of a victim via a crafted e-mail message that abuses a Desanitization issue in message_body() in program/actions/mail/show.php.,Non disponible,Non disponible,,0.91411,n/a,n/a,['n/a']
58,Multiples vulnérabilités dans Roundcube (09 août 2024),"Le 4 août 2024, Roundcube a publié des correctifs concernant les vulnérabilités critiques CVE-2024-42008 et CVE-2024-42009 affectant son serveur de courriel. Ces vulnérabilités permettent des injections de code indirectes à distance (XSS) qui peuvent, par exemple, conduire à la récupération du...",https://www.cert.ssi.gouv.fr/alerte/CERTFR-2024-ALE-010/,"Fri, 09 Aug 2024 00:00:00 +0000",Multiples vulnérabilités dans Roundcube (09 août 2024),CVE-2024-42008,A Cross-Site Scripting vulnerability in rcmail_action_mail_get->run() in Roundcube through 1.5.7 and 1.6.x through 1.6.7 allows a remote attacker to steal and send emails of a victim via a malicious e-mail attachment served with a dangerous Content-Type header.,Non disponible,Non disponible,,0.50951,n/a,n/a,['n/a']
59,Multiples vulnérabilités dans Roundcube (09 août 2024),"Le 4 août 2024, Roundcube a publié des correctifs concernant les vulnérabilités critiques CVE-2024-42008 et CVE-2024-42009 affectant son serveur de courriel. Ces vulnérabilités permettent des injections de code indirectes à distance (XSS) qui peuvent, par exemple, conduire à la récupération du...",https://www.cert.ssi.gouv.fr/alerte/CERTFR-2024-ALE-010/,"Fri, 09 Aug 2024 00:00:00 +0000",Multiples vulnérabilités dans Roundcube (09 août 2024),CVE-2024-42010,"mod_css_styles in Roundcube through 1.5.7 and 1.6.x through 1.6.7 insufficiently filters Cascading Style Sheets (CSS) token sequences in rendered e-mail messages, allowing a remote attacker to obtain sensitive information.",Non disponible,Non disponible,,0.15089,n/a,n/a,['n/a']
60,Vulnérabilité dans SonicWall (10 septembre 2024),"Le 22 août 2024, Sonicwall a publié un correctif concernant la vulnérabilité critique CVE-2024-40766 affectant les pare-feux Sonicwall génération 5, 6 et 7. Cette vulnérabilité, de type contrôle d'accès défaillant, permet à un attaquant de provoquer un déni de service à distance, une atteinte à...",https://www.cert.ssi.gouv.fr/alerte/CERTFR-2024-ALE-011/,"Tue, 10 Sep 2024 00:00:00 +0000",Vulnérabilité dans SonicWall (10 septembre 2024),CVE-2024-40766,"An improper access control vulnerability has been identified in the SonicWall SonicOS management access, potentially leading to unauthorized resource access and in specific conditions, causing the firewall to crash. This issue affects SonicWall Firewall Gen 5 and Gen 6 devices, as well as Gen 7 devices running SonicOS 7.0.1-5035 and older versions.",Non disponible,CWE-284,CWE-284 Improper Access Control,0.03443,SonicWall,SonicOS,"['5.9.2.14-12o and older versions', '6.5.4.14-109n and older versions', '7.0.1-5035 and older versions']"
61,[MàJ] Vulnérabilités affectant OpenPrinting CUPS (27 septembre 2024),"**[Mise à jour du 10 octobre 2024]** Le 28 septembre 2024, Elastic Security Labs a publié des règles de détection au format propriétaire de l'éditeur (cf. section Documentation), qui sont confirmées par les analyses du CERT-FR pour la détection des attaques connues. **[Publication initiale]** De...",https://www.cert.ssi.gouv.fr/alerte/CERTFR-2024-ALE-012/,"Fri, 27 Sep 2024 00:00:00 +0000",[MàJ] Vulnérabilités affectant OpenPrinting CUPS (27 septembre 2024),CVE-2024-47176,"CUPS is a standards-based, open-source printing system, and `cups-browsed` contains network printing functionality including, but not limited to, auto-discovering print services and shared printers. `cups-browsed` binds to `INADDR_ANY:631`, causing it to trust any packet from any source, and can cause the `Get-Printer-Attributes` IPP request to an attacker controlled URL. When combined with other vulnerabilities, such as CVE-2024-47076, CVE-2024-47175, and CVE-2024-47177, an attacker can execute arbitrary commands remotely on the target machine without authentication when a malicious printer is printed to.",5.3,CWE-1327,CWE-1327: Binding to an Unrestricted IP Address,0.87593,OpenPrinting,cups-browsed,['<= 2.0.1']
62,[MàJ] Vulnérabilités affectant OpenPrinting CUPS (27 septembre 2024),"**[Mise à jour du 10 octobre 2024]** Le 28 septembre 2024, Elastic Security Labs a publié des règles de détection au format propriétaire de l'éditeur (cf. section Documentation), qui sont confirmées par les analyses du CERT-FR pour la détection des attaques connues. **[Publication initiale]** De...",https://www.cert.ssi.gouv.fr/alerte/CERTFR-2024-ALE-012/,"Fri, 27 Sep 2024 00:00:00 +0000",[MàJ] Vulnérabilités affectant OpenPrinting CUPS (27 septembre 2024),CVE-2024-47175,"CUPS is a standards-based, open-source printing system, and `libppd` can be used for legacy PPD file support. The `libppd` function `ppdCreatePPDFromIPP2` does not sanitize IPP attributes when creating the PPD buffer. When used in combination with other functions such as `cfGetPrinterAttributes5`, can result in user controlled input and ultimately code execution via Foomatic. This vulnerability can be part of an exploit chain leading to remote code execution (RCE), as described in CVE-2024-47176.",8.6,CWE-20,CWE-20: Improper Input Validation,0.36228,OpenPrinting,libppd,['<= 2.1b1']
63,[MàJ] Vulnérabilités affectant OpenPrinting CUPS (27 septembre 2024),"**[Mise à jour du 10 octobre 2024]** Le 28 septembre 2024, Elastic Security Labs a publié des règles de détection au format propriétaire de l'éditeur (cf. section Documentation), qui sont confirmées par les analyses du CERT-FR pour la détection des attaques connues. **[Publication initiale]** De...",https://www.cert.ssi.gouv.fr/alerte/CERTFR-2024-ALE-012/,"Fri, 27 Sep 2024 00:00:00 +0000",[MàJ] Vulnérabilités affectant OpenPrinting CUPS (27 septembre 2024),CVE-2024-47177,Non disponible,Non disponible,Non disponible,Non disponible,-1.0,,,
64,[MàJ] Vulnérabilités affectant OpenPrinting CUPS (27 septembre 2024),"**[Mise à jour du 10 octobre 2024]** Le 28 septembre 2024, Elastic Security Labs a publié des règles de détection au format propriétaire de l'éditeur (cf. section Documentation), qui sont confirmées par les analyses du CERT-FR pour la détection des attaques connues. **[Publication initiale]** De...",https://www.cert.ssi.gouv.fr/alerte/CERTFR-2024-ALE-012/,"Fri, 27 Sep 2024 00:00:00 +0000",[MàJ] Vulnérabilités affectant OpenPrinting CUPS (27 septembre 2024),CVE-2024-47076,"CUPS is a standards-based, open-source printing system, and `libcupsfilters` contains the code of the filters of the former `cups-filters` package as library functions to be used for the data format conversion tasks needed in Printer Applications. The `cfGetPrinterAttributes5` function in `libcupsfilters` does not sanitize IPP attributes returned from an IPP server. When these IPP attributes are used, for instance, to generate a PPD file, this can lead to attacker controlled data to be provided to the rest of the CUPS system.",8.6,CWE-20,CWE-20: Improper Input Validation,0.75847,OpenPrinting,libcupsfilters,['<= 2.1b1']
65,Exploitations de vulnérabilités dans Ivanti Cloud Services Appliance (CSA) (22 octobre 2024),"Ivanti a publié plusieurs avis de sécurité sur des vulnérabilités affectant CSA qui sont activement exploitées : * le 10 septembre 2024, Ivanti a publié un avis de sécurité concernant la vulnérabilité CVE-2024-8190 qui permet à un attaquant, authentifié en tant qu'administrateur, d'exécuter du...",https://www.cert.ssi.gouv.fr/alerte/CERTFR-2024-ALE-013/,"Tue, 22 Oct 2024 00:00:00 +0000",Exploitations de vulnérabilités dans Ivanti Cloud Services Appliance (CSA) (22 octobre 2024),CVE-2024-8963,Path Traversal in the Ivanti CSA before 4.6 Patch 519 allows a remote unauthenticated attacker to access restricted functionality.,9.4,CWE-22,CWE-22 Improper Limitation of a Pathname to a Restricted Directory ('Path Traversal'),0.94225,Ivanti,CSA (Cloud Services Appliance),"['4.6 Patch 519', '5.0']"
66,Exploitations de vulnérabilités dans Ivanti Cloud Services Appliance (CSA) (22 octobre 2024),"Ivanti a publié plusieurs avis de sécurité sur des vulnérabilités affectant CSA qui sont activement exploitées : * le 10 septembre 2024, Ivanti a publié un avis de sécurité concernant la vulnérabilité CVE-2024-8190 qui permet à un attaquant, authentifié en tant qu'administrateur, d'exécuter du...",https://www.cert.ssi.gouv.fr/alerte/CERTFR-2024-ALE-013/,"Tue, 22 Oct 2024 00:00:00 +0000",Exploitations de vulnérabilités dans Ivanti Cloud Services Appliance (CSA) (22 octobre 2024),CVE-2024-9381,Path traversal in Ivanti CSA before version 5.0.2 allows a remote authenticated attacker with admin privileges to bypass restrictions.,7.2,CWE-22,CWE-22 Improper Limitation of a Pathname to a Restricted Directory ('Path Traversal'),0.01689,Ivanti,CSA (Cloud Services Appliance),['5.0.2']
67,Exploitations de vulnérabilités dans Ivanti Cloud Services Appliance (CSA) (22 octobre 2024),"Ivanti a publié plusieurs avis de sécurité sur des vulnérabilités affectant CSA qui sont activement exploitées : * le 10 septembre 2024, Ivanti a publié un avis de sécurité concernant la vulnérabilité CVE-2024-8190 qui permet à un attaquant, authentifié en tant qu'administrateur, d'exécuter du...",https://www.cert.ssi.gouv.fr/alerte/CERTFR-2024-ALE-013/,"Tue, 22 Oct 2024 00:00:00 +0000",Exploitations de vulnérabilités dans Ivanti Cloud Services Appliance (CSA) (22 octobre 2024),CVE-2024-9379,SQL injection in the admin web console of Ivanti CSA before version 5.0.2 allows a remote authenticated attacker with admin privileges to run arbitrary SQL statements.,6.5,CWE-89,CWE-89 Improper Neutralization of Special Elements used in an SQL Command ('SQL Injection'),0.81684,Ivanti,CSA (Cloud Services Appliance),['5.0.2']
68,Exploitations de vulnérabilités dans Ivanti Cloud Services Appliance (CSA) (22 octobre 2024),"Ivanti a publié plusieurs avis de sécurité sur des vulnérabilités affectant CSA qui sont activement exploitées : * le 10 septembre 2024, Ivanti a publié un avis de sécurité concernant la vulnérabilité CVE-2024-8190 qui permet à un attaquant, authentifié en tant qu'administrateur, d'exécuter du...",https://www.cert.ssi.gouv.fr/alerte/CERTFR-2024-ALE-013/,"Tue, 22 Oct 2024 00:00:00 +0000",Exploitations de vulnérabilités dans Ivanti Cloud Services Appliance (CSA) (22 octobre 2024),CVE-2024-8190,An OS command injection vulnerability in Ivanti Cloud Services Appliance versions 4.6 Patch 518 and before allows a remote authenticated attacker to obtain remote code execution. The attacker must have admin level privileges to exploit this vulnerability.,7.2,CWE-78,CWE-78 Improper Neutralization of Special Elements used in an OS Command ('OS Command Injection'),0.9191,Ivanti,CSA (Cloud Services Appliance),"['4.6 Patch 519', '5.0']"
69,Exploitations de vulnérabilités dans Ivanti Cloud Services Appliance (CSA) (22 octobre 2024),"Ivanti a publié plusieurs avis de sécurité sur des vulnérabilités affectant CSA qui sont activement exploitées : * le 10 septembre 2024, Ivanti a publié un avis de sécurité concernant la vulnérabilité CVE-2024-8190 qui permet à un attaquant, authentifié en tant qu'administrateur, d'exécuter du...",https://www.cert.ssi.gouv.fr/alerte/CERTFR-2024-ALE-013/,"Tue, 22 Oct 2024 00:00:00 +0000",Exploitations de vulnérabilités dans Ivanti Cloud Services Appliance (CSA) (22 octobre 2024),CVE-2024-9380,An OS command injection vulnerability in the admin web console of Ivanti CSA before version 5.0.2 allows a remote authenticated attacker with admin privileges to obtain remote code execution.,7.2,CWE-77,CWE-77 Improper Neutralization of Special Elements used in a Command ('Command Injection'),0.88144,Ivanti,CSA (Cloud Services Appliance),['5.0.2']
70,[MàJ] Multiples vulnérabilités dans Fortinet FortiManager (23 octobre 2024),"**[Mise à jour du 14 janvier 2025]** **Publication des correctifs** Le 14 janvier 2025, Fortinet a publié un avis de sécurité relatif à la vulnérabilité CVE-2024-50566 qui correspond à la vulnérabilité de type jour-zéro pour laquelle une preuve de concept a été publiée en novembre 2024. Des...",https://www.cert.ssi.gouv.fr/alerte/CERTFR-2024-ALE-014/,"Wed, 23 Oct 2024 00:00:00 +0000",[MàJ] Multiples vulnérabilités dans Fortinet FortiManager (23 octobre 2024),CVE-2024-47575,"A missing authentication for critical function in FortiManager 7.6.0, FortiManager 7.4.0 through 7.4.4, FortiManager 7.2.0 through 7.2.7, FortiManager 7.0.0 through 7.0.12, FortiManager 6.4.0 through 6.4.14, FortiManager 6.2.0 through 6.2.12, Fortinet FortiManager Cloud 7.4.1 through 7.4.4, FortiManager Cloud 7.2.1 through 7.2.7, FortiManager Cloud 7.0.1 through 7.0.12, FortiManager Cloud 6.4.1 through 6.4.7 allows attacker to execute arbitrary code or commands via specially crafted requests.",9.8,CWE-306,Execute unauthorized code or commands,0.93874,Fortinet,FortiManager,"['7.6.0', '7.4.0', '7.2.0', '7.0.0', '6.4.0', '6.2.0']"
71,[MàJ] Multiples vulnérabilités dans Fortinet FortiManager (23 octobre 2024),"**[Mise à jour du 14 janvier 2025]** **Publication des correctifs** Le 14 janvier 2025, Fortinet a publié un avis de sécurité relatif à la vulnérabilité CVE-2024-50566 qui correspond à la vulnérabilité de type jour-zéro pour laquelle une preuve de concept a été publiée en novembre 2024. Des...",https://www.cert.ssi.gouv.fr/alerte/CERTFR-2024-ALE-014/,"Wed, 23 Oct 2024 00:00:00 +0000",[MàJ] Multiples vulnérabilités dans Fortinet FortiManager (23 octobre 2024),CVE-2024-50566,"A improper neutralization of special elements used in an os command ('os command injection') vulnerability in Fortinet FortiManager Cloud 7.6.0 through 7.6.1, FortiManager Cloud 7.4.0 through 7.4.4, FortiManager Cloud 7.2.2 through 7.2.7, FortiManager 7.6.0 through 7.6.1, FortiManager 7.4.0 through 7.4.5, FortiManager 7.2.1 through 7.2.8 may allow an authenticated remote attacker to execute unauthorized code via FGFM crafted requests.",7.2,CWE-78,Execute unauthorized code or commands,0.00469,Fortinet,FortiManager,"['7.6.0', '7.4.0', '7.2.1']"
72,[MàJ] Multiples vulnérabilités dans Fortinet FortiManager (23 octobre 2024),"**[Mise à jour du 14 janvier 2025]** **Publication des correctifs** Le 14 janvier 2025, Fortinet a publié un avis de sécurité relatif à la vulnérabilité CVE-2024-50566 qui correspond à la vulnérabilité de type jour-zéro pour laquelle une preuve de concept a été publiée en novembre 2024. Des...",https://www.cert.ssi.gouv.fr/alerte/CERTFR-2024-ALE-014/,"Wed, 23 Oct 2024 00:00:00 +0000",[MàJ] Multiples vulnérabilités dans Fortinet FortiManager (23 octobre 2024),CVE-2024-50566,"A improper neutralization of special elements used in an os command ('os command injection') vulnerability in Fortinet FortiManager Cloud 7.6.0 through 7.6.1, FortiManager Cloud 7.4.0 through 7.4.4, FortiManager Cloud 7.2.2 through 7.2.7, FortiManager 7.6.0 through 7.6.1, FortiManager 7.4.0 through 7.4.5, FortiManager 7.2.1 through 7.2.8 may allow an authenticated remote attacker to execute unauthorized code via FGFM crafted requests.",7.2,CWE-78,Execute unauthorized code or commands,0.00469,Fortinet,FortiManager Cloud,"['7.4.1', '7.2.2']"
73,[MàJ] Multiples vulnérabilités sur l'interface d'administration des équipements Palo Alto Networks (15 novembre 2024),"Le 8 novembre 2024, Palo Alto Networks a publié un avis de sécurité relatif à une vulnérabilité critique dans certains pare-feux Palo Alto Networks. Elle permet à un attaquant non authentifié d'exécuter du code arbitraire à distance sur l'interface d'administration des équipements. L'éditeur...",https://www.cert.ssi.gouv.fr/alerte/CERTFR-2024-ALE-015/,"Fri, 15 Nov 2024 00:00:00 +0000",[MàJ] Multiples vulnérabilités sur l'interface d'administration des équipements Palo Alto Networks (15 novembre 2024),CVE-2024-0012,"An authentication bypass in Palo Alto Networks PAN-OS software enables an unauthenticated attacker with network access to the management web interface to gain PAN-OS administrator privileges to perform administrative actions, tamper with the configuration, or exploit other authenticated privilege escalation vulnerabilities like  CVE-2024-9474 https://security.paloaltonetworks.com/CVE-2024-9474 .

The risk of this issue is greatly reduced if you secure access to the management web interface by restricting access to only trusted internal IP addresses according to our recommended  best practice deployment guidelines https://live.paloaltonetworks.com/t5/community-blogs/tips-amp-tricks-how-to-secure-the-management-access-of-your-palo/ba-p/464431 .

This issue is applicable only to PAN-OS 10.2, PAN-OS 11.0, PAN-OS 11.1, and PAN-OS 11.2 software.

Cloud NGFW and Prisma Access are not impacted by this vulnerability.",Non disponible,CWE-306,CWE-306 Missing Authentication for Critical Function,0.94285,Palo Alto Networks,Cloud NGFW,['All']
74,[MàJ] Multiples vulnérabilités sur l'interface d'administration des équipements Palo Alto Networks (15 novembre 2024),"Le 8 novembre 2024, Palo Alto Networks a publié un avis de sécurité relatif à une vulnérabilité critique dans certains pare-feux Palo Alto Networks. Elle permet à un attaquant non authentifié d'exécuter du code arbitraire à distance sur l'interface d'administration des équipements. L'éditeur...",https://www.cert.ssi.gouv.fr/alerte/CERTFR-2024-ALE-015/,"Fri, 15 Nov 2024 00:00:00 +0000",[MàJ] Multiples vulnérabilités sur l'interface d'administration des équipements Palo Alto Networks (15 novembre 2024),CVE-2024-0012,"An authentication bypass in Palo Alto Networks PAN-OS software enables an unauthenticated attacker with network access to the management web interface to gain PAN-OS administrator privileges to perform administrative actions, tamper with the configuration, or exploit other authenticated privilege escalation vulnerabilities like  CVE-2024-9474 https://security.paloaltonetworks.com/CVE-2024-9474 .

The risk of this issue is greatly reduced if you secure access to the management web interface by restricting access to only trusted internal IP addresses according to our recommended  best practice deployment guidelines https://live.paloaltonetworks.com/t5/community-blogs/tips-amp-tricks-how-to-secure-the-management-access-of-your-palo/ba-p/464431 .

This issue is applicable only to PAN-OS 10.2, PAN-OS 11.0, PAN-OS 11.1, and PAN-OS 11.2 software.

Cloud NGFW and Prisma Access are not impacted by this vulnerability.",Non disponible,CWE-306,CWE-306 Missing Authentication for Critical Function,0.94285,Palo Alto Networks,PAN-OS,"['11.2.0', '11.1.0', '11.0.0', '10.2.0', '10.1.0']"
75,[MàJ] Multiples vulnérabilités sur l'interface d'administration des équipements Palo Alto Networks (15 novembre 2024),"Le 8 novembre 2024, Palo Alto Networks a publié un avis de sécurité relatif à une vulnérabilité critique dans certains pare-feux Palo Alto Networks. Elle permet à un attaquant non authentifié d'exécuter du code arbitraire à distance sur l'interface d'administration des équipements. L'éditeur...",https://www.cert.ssi.gouv.fr/alerte/CERTFR-2024-ALE-015/,"Fri, 15 Nov 2024 00:00:00 +0000",[MàJ] Multiples vulnérabilités sur l'interface d'administration des équipements Palo Alto Networks (15 novembre 2024),CVE-2024-0012,"An authentication bypass in Palo Alto Networks PAN-OS software enables an unauthenticated attacker with network access to the management web interface to gain PAN-OS administrator privileges to perform administrative actions, tamper with the configuration, or exploit other authenticated privilege escalation vulnerabilities like  CVE-2024-9474 https://security.paloaltonetworks.com/CVE-2024-9474 .

The risk of this issue is greatly reduced if you secure access to the management web interface by restricting access to only trusted internal IP addresses according to our recommended  best practice deployment guidelines https://live.paloaltonetworks.com/t5/community-blogs/tips-amp-tricks-how-to-secure-the-management-access-of-your-palo/ba-p/464431 .

This issue is applicable only to PAN-OS 10.2, PAN-OS 11.0, PAN-OS 11.1, and PAN-OS 11.2 software.

Cloud NGFW and Prisma Access are not impacted by this vulnerability.",Non disponible,CWE-306,CWE-306 Missing Authentication for Critical Function,0.94285,Palo Alto Networks,Prisma Access,['All']
76,[MàJ] Multiples vulnérabilités sur l'interface d'administration des équipements Palo Alto Networks (15 novembre 2024),"Le 8 novembre 2024, Palo Alto Networks a publié un avis de sécurité relatif à une vulnérabilité critique dans certains pare-feux Palo Alto Networks. Elle permet à un attaquant non authentifié d'exécuter du code arbitraire à distance sur l'interface d'administration des équipements. L'éditeur...",https://www.cert.ssi.gouv.fr/alerte/CERTFR-2024-ALE-015/,"Fri, 15 Nov 2024 00:00:00 +0000",[MàJ] Multiples vulnérabilités sur l'interface d'administration des équipements Palo Alto Networks (15 novembre 2024),CVE-2024-9474,"A privilege escalation vulnerability in Palo Alto Networks PAN-OS software allows a PAN-OS administrator with access to the management web interface to perform actions on the firewall with root privileges.

Cloud NGFW and Prisma Access are not impacted by this vulnerability.",Non disponible,CWE-78,CWE-78 Improper Neutralization of Special Elements used in an OS Command ('OS Command Injection'),0.94174,Palo Alto Networks,Cloud NGFW,['All']
77,[MàJ] Multiples vulnérabilités sur l'interface d'administration des équipements Palo Alto Networks (15 novembre 2024),"Le 8 novembre 2024, Palo Alto Networks a publié un avis de sécurité relatif à une vulnérabilité critique dans certains pare-feux Palo Alto Networks. Elle permet à un attaquant non authentifié d'exécuter du code arbitraire à distance sur l'interface d'administration des équipements. L'éditeur...",https://www.cert.ssi.gouv.fr/alerte/CERTFR-2024-ALE-015/,"Fri, 15 Nov 2024 00:00:00 +0000",[MàJ] Multiples vulnérabilités sur l'interface d'administration des équipements Palo Alto Networks (15 novembre 2024),CVE-2024-9474,"A privilege escalation vulnerability in Palo Alto Networks PAN-OS software allows a PAN-OS administrator with access to the management web interface to perform actions on the firewall with root privileges.

Cloud NGFW and Prisma Access are not impacted by this vulnerability.",Non disponible,CWE-78,CWE-78 Improper Neutralization of Special Elements used in an OS Command ('OS Command Injection'),0.94174,Palo Alto Networks,PAN-OS,"['11.2.0', '11.1.0', '11.0.0', '10.2.0', '10.1.0']"
78,[MàJ] Multiples vulnérabilités sur l'interface d'administration des équipements Palo Alto Networks (15 novembre 2024),"Le 8 novembre 2024, Palo Alto Networks a publié un avis de sécurité relatif à une vulnérabilité critique dans certains pare-feux Palo Alto Networks. Elle permet à un attaquant non authentifié d'exécuter du code arbitraire à distance sur l'interface d'administration des équipements. L'éditeur...",https://www.cert.ssi.gouv.fr/alerte/CERTFR-2024-ALE-015/,"Fri, 15 Nov 2024 00:00:00 +0000",[MàJ] Multiples vulnérabilités sur l'interface d'administration des équipements Palo Alto Networks (15 novembre 2024),CVE-2024-9474,"A privilege escalation vulnerability in Palo Alto Networks PAN-OS software allows a PAN-OS administrator with access to the management web interface to perform actions on the firewall with root privileges.

Cloud NGFW and Prisma Access are not impacted by this vulnerability.",Non disponible,CWE-78,CWE-78 Improper Neutralization of Special Elements used in an OS Command ('OS Command Injection'),0.94174,Palo Alto Networks,Prisma Access,['All']
79,[MàJ] Vulnérabilité dans les produits Ivanti (09 janvier 2025),"Une vulnérabilité jour-zéro de type débordement de pile a été découverte dans Ivanti Connect Secure (ICS), Policy Secure (IPS), Neurons for Zero Trust Access (ZTA) gateways. Cette vulnérabilité, d'identifiant CVE-2025-0282, permet à un attaquant non authentifié de provoquer une exécution de code...",https://www.cert.ssi.gouv.fr/alerte/CERTFR-2025-ALE-001/,"Thu, 09 Jan 2025 00:00:00 +0000",[MàJ] Vulnérabilité dans les produits Ivanti (09 janvier 2025),CVE-2025-0282,"A stack-based buffer overflow in Ivanti Connect Secure before version 22.7R2.5, Ivanti Policy Secure before version 22.7R1.2, and Ivanti Neurons for ZTA gateways before version 22.7R2.3 allows a remote unauthenticated attacker to achieve remote code execution.",9,CWE-121,CWE-121: Stack-based Buffer Overflow,0.94129,Ivanti,Connect Secure,"['22.7R2', '22.7R2.5']"
80,[MàJ] Vulnérabilité dans les produits Ivanti (09 janvier 2025),"Une vulnérabilité jour-zéro de type débordement de pile a été découverte dans Ivanti Connect Secure (ICS), Policy Secure (IPS), Neurons for Zero Trust Access (ZTA) gateways. Cette vulnérabilité, d'identifiant CVE-2025-0282, permet à un attaquant non authentifié de provoquer une exécution de code...",https://www.cert.ssi.gouv.fr/alerte/CERTFR-2025-ALE-001/,"Thu, 09 Jan 2025 00:00:00 +0000",[MàJ] Vulnérabilité dans les produits Ivanti (09 janvier 2025),CVE-2025-0282,"A stack-based buffer overflow in Ivanti Connect Secure before version 22.7R2.5, Ivanti Policy Secure before version 22.7R1.2, and Ivanti Neurons for ZTA gateways before version 22.7R2.3 allows a remote unauthenticated attacker to achieve remote code execution.",9,CWE-121,CWE-121: Stack-based Buffer Overflow,0.94129,Ivanti,Policy Secure,['22.7R1']
81,[MàJ] Vulnérabilité dans les produits Ivanti (09 janvier 2025),"Une vulnérabilité jour-zéro de type débordement de pile a été découverte dans Ivanti Connect Secure (ICS), Policy Secure (IPS), Neurons for Zero Trust Access (ZTA) gateways. Cette vulnérabilité, d'identifiant CVE-2025-0282, permet à un attaquant non authentifié de provoquer une exécution de code...",https://www.cert.ssi.gouv.fr/alerte/CERTFR-2025-ALE-001/,"Thu, 09 Jan 2025 00:00:00 +0000",[MàJ] Vulnérabilité dans les produits Ivanti (09 janvier 2025),CVE-2025-0282,"A stack-based buffer overflow in Ivanti Connect Secure before version 22.7R2.5, Ivanti Policy Secure before version 22.7R1.2, and Ivanti Neurons for ZTA gateways before version 22.7R2.3 allows a remote unauthenticated attacker to achieve remote code execution.",9,CWE-121,CWE-121: Stack-based Buffer Overflow,0.94129,Ivanti,Neurons for ZTA gateways,"['22.7R2', '22.7R2.5']"
82,[MàJ] Vulnérabilité dans les produits Ivanti (09 janvier 2025),"Une vulnérabilité jour-zéro de type débordement de pile a été découverte dans Ivanti Connect Secure (ICS), Policy Secure (IPS), Neurons for Zero Trust Access (ZTA) gateways. Cette vulnérabilité, d'identifiant CVE-2025-0282, permet à un attaquant non authentifié de provoquer une exécution de code...",https://www.cert.ssi.gouv.fr/alerte/CERTFR-2025-ALE-001/,"Thu, 09 Jan 2025 00:00:00 +0000",[MàJ] Vulnérabilité dans les produits Ivanti (09 janvier 2025),CVE-2025-0283,"A stack-based buffer overflow in Ivanti Connect Secure before version 22.7R2.5, Ivanti Policy Secure before version 22.7R1.2, and Ivanti Neurons for ZTA gateways before version 22.7R2.3 allows a local authenticated attacker to escalate their privileges.",7,CWE-121,CWE-121: Stack-based Buffer Overflow,0.39524,Ivanti,Connect Secure,['22.7R2.5']
83,[MàJ] Vulnérabilité dans les produits Ivanti (09 janvier 2025),"Une vulnérabilité jour-zéro de type débordement de pile a été découverte dans Ivanti Connect Secure (ICS), Policy Secure (IPS), Neurons for Zero Trust Access (ZTA) gateways. Cette vulnérabilité, d'identifiant CVE-2025-0282, permet à un attaquant non authentifié de provoquer une exécution de code...",https://www.cert.ssi.gouv.fr/alerte/CERTFR-2025-ALE-001/,"Thu, 09 Jan 2025 00:00:00 +0000",[MàJ] Vulnérabilité dans les produits Ivanti (09 janvier 2025),CVE-2025-0283,"A stack-based buffer overflow in Ivanti Connect Secure before version 22.7R2.5, Ivanti Policy Secure before version 22.7R1.2, and Ivanti Neurons for ZTA gateways before version 22.7R2.3 allows a local authenticated attacker to escalate their privileges.",7,CWE-121,CWE-121: Stack-based Buffer Overflow,0.39524,Ivanti,Policy Secure,['22.7R1.2']
84,[MàJ] Vulnérabilité dans les produits Ivanti (09 janvier 2025),"Une vulnérabilité jour-zéro de type débordement de pile a été découverte dans Ivanti Connect Secure (ICS), Policy Secure (IPS), Neurons for Zero Trust Access (ZTA) gateways. Cette vulnérabilité, d'identifiant CVE-2025-0282, permet à un attaquant non authentifié de provoquer une exécution de code...",https://www.cert.ssi.gouv.fr/alerte/CERTFR-2025-ALE-001/,"Thu, 09 Jan 2025 00:00:00 +0000",[MàJ] Vulnérabilité dans les produits Ivanti (09 janvier 2025),CVE-2025-0283,"A stack-based buffer overflow in Ivanti Connect Secure before version 22.7R2.5, Ivanti Policy Secure before version 22.7R1.2, and Ivanti Neurons for ZTA gateways before version 22.7R2.3 allows a local authenticated attacker to escalate their privileges.",7,CWE-121,CWE-121: Stack-based Buffer Overflow,0.39524,Ivanti,Neurons for ZTA gateways,['22.7R2.5']
85,[MàJ] Vulnérabilité dans les produits Fortinet (14 janvier 2025),"\[Mise à jour du 28 janvier 2025\] Une preuve de concept permettant l'exploitation de cette vulnérabilité est disponible publiquement. Le 14 janvier 2025, Fortinet a publié un avis de sécurité concernant la vulnérabilité critique CVE-2024-55591 affectant FortiOS et FortiProxy. Elle permet à un...",https://www.cert.ssi.gouv.fr/alerte/CERTFR-2025-ALE-002/,"Tue, 14 Jan 2025 00:00:00 +0000",[MàJ] Vulnérabilité dans les produits Fortinet (14 janvier 2025),CVE-2024-55591,An Authentication Bypass Using an Alternate Path or Channel vulnerability [CWE-288] affecting FortiOS version 7.0.0 through 7.0.16 and FortiProxy version 7.0.0 through 7.0.19 and 7.2.0 through 7.2.12 allows a remote attacker to gain super-admin privileges via crafted requests to Node.js websocket module.,9.6,CWE-288,Execute unauthorized code or commands,0.94064,Fortinet,FortiOS,['7.0.0']
86,[MàJ] Vulnérabilité dans les produits Fortinet (14 janvier 2025),"\[Mise à jour du 28 janvier 2025\] Une preuve de concept permettant l'exploitation de cette vulnérabilité est disponible publiquement. Le 14 janvier 2025, Fortinet a publié un avis de sécurité concernant la vulnérabilité critique CVE-2024-55591 affectant FortiOS et FortiProxy. Elle permet à un...",https://www.cert.ssi.gouv.fr/alerte/CERTFR-2025-ALE-002/,"Tue, 14 Jan 2025 00:00:00 +0000",[MàJ] Vulnérabilité dans les produits Fortinet (14 janvier 2025),CVE-2024-55591,An Authentication Bypass Using an Alternate Path or Channel vulnerability [CWE-288] affecting FortiOS version 7.0.0 through 7.0.16 and FortiProxy version 7.0.0 through 7.0.19 and 7.2.0 through 7.2.12 allows a remote attacker to gain super-admin privileges via crafted requests to Node.js websocket module.,9.6,CWE-288,Execute unauthorized code or commands,0.94064,Fortinet,FortiProxy,"['7.2.0', '7.0.0']"
87,[MàJ] Vulnérabilité dans les produits Ivanti (03 avril 2025),**\[Mise à jour du 11 avril 2025\]** Le CERT-FR a connaissance d'une preuve de concept publique permettant de provoquer une exécution de code arbitraire à distance. **[Mise à jour du 04 avril 2025]** Le CERT-FR a connaissance d'une preuve de concept publique permettant de provoquer un arrêt du...,https://www.cert.ssi.gouv.fr/alerte/CERTFR-2025-ALE-003/,"Thu, 03 Apr 2025 00:00:00 +0000",[MàJ] Vulnérabilité dans les produits Ivanti (03 avril 2025),CVE-2025-0282,"A stack-based buffer overflow in Ivanti Connect Secure before version 22.7R2.5, Ivanti Policy Secure before version 22.7R1.2, and Ivanti Neurons for ZTA gateways before version 22.7R2.3 allows a remote unauthenticated attacker to achieve remote code execution.",9,CWE-121,CWE-121: Stack-based Buffer Overflow,0.94129,Ivanti,Connect Secure,"['22.7R2', '22.7R2.5']"
88,[MàJ] Vulnérabilité dans les produits Ivanti (03 avril 2025),**\[Mise à jour du 11 avril 2025\]** Le CERT-FR a connaissance d'une preuve de concept publique permettant de provoquer une exécution de code arbitraire à distance. **[Mise à jour du 04 avril 2025]** Le CERT-FR a connaissance d'une preuve de concept publique permettant de provoquer un arrêt du...,https://www.cert.ssi.gouv.fr/alerte/CERTFR-2025-ALE-003/,"Thu, 03 Apr 2025 00:00:00 +0000",[MàJ] Vulnérabilité dans les produits Ivanti (03 avril 2025),CVE-2025-0282,"A stack-based buffer overflow in Ivanti Connect Secure before version 22.7R2.5, Ivanti Policy Secure before version 22.7R1.2, and Ivanti Neurons for ZTA gateways before version 22.7R2.3 allows a remote unauthenticated attacker to achieve remote code execution.",9,CWE-121,CWE-121: Stack-based Buffer Overflow,0.94129,Ivanti,Policy Secure,['22.7R1']
89,[MàJ] Vulnérabilité dans les produits Ivanti (03 avril 2025),**\[Mise à jour du 11 avril 2025\]** Le CERT-FR a connaissance d'une preuve de concept publique permettant de provoquer une exécution de code arbitraire à distance. **[Mise à jour du 04 avril 2025]** Le CERT-FR a connaissance d'une preuve de concept publique permettant de provoquer un arrêt du...,https://www.cert.ssi.gouv.fr/alerte/CERTFR-2025-ALE-003/,"Thu, 03 Apr 2025 00:00:00 +0000",[MàJ] Vulnérabilité dans les produits Ivanti (03 avril 2025),CVE-2025-0282,"A stack-based buffer overflow in Ivanti Connect Secure before version 22.7R2.5, Ivanti Policy Secure before version 22.7R1.2, and Ivanti Neurons for ZTA gateways before version 22.7R2.3 allows a remote unauthenticated attacker to achieve remote code execution.",9,CWE-121,CWE-121: Stack-based Buffer Overflow,0.94129,Ivanti,Neurons for ZTA gateways,"['22.7R2', '22.7R2.5']"
90,[MàJ] Vulnérabilité dans les produits Ivanti (03 avril 2025),**\[Mise à jour du 11 avril 2025\]** Le CERT-FR a connaissance d'une preuve de concept publique permettant de provoquer une exécution de code arbitraire à distance. **[Mise à jour du 04 avril 2025]** Le CERT-FR a connaissance d'une preuve de concept publique permettant de provoquer un arrêt du...,https://www.cert.ssi.gouv.fr/alerte/CERTFR-2025-ALE-003/,"Thu, 03 Apr 2025 00:00:00 +0000",[MàJ] Vulnérabilité dans les produits Ivanti (03 avril 2025),CVE-2025-22457,"A stack-based buffer overflow in Ivanti Connect Secure before version 22.7R2.6, Ivanti Policy Secure before version 22.7R1.4, and Ivanti ZTA Gateways before version 22.8R2.2 allows a remote unauthenticated attacker to achieve remote code execution.",9,CWE-121,CWE-121 Stack-based Buffer Overflow,0.55896,Ivanti,Connect Secure,['22.7R2.6']
91,[MàJ] Vulnérabilité dans les produits Ivanti (03 avril 2025),**\[Mise à jour du 11 avril 2025\]** Le CERT-FR a connaissance d'une preuve de concept publique permettant de provoquer une exécution de code arbitraire à distance. **[Mise à jour du 04 avril 2025]** Le CERT-FR a connaissance d'une preuve de concept publique permettant de provoquer un arrêt du...,https://www.cert.ssi.gouv.fr/alerte/CERTFR-2025-ALE-003/,"Thu, 03 Apr 2025 00:00:00 +0000",[MàJ] Vulnérabilité dans les produits Ivanti (03 avril 2025),CVE-2025-22457,"A stack-based buffer overflow in Ivanti Connect Secure before version 22.7R2.6, Ivanti Policy Secure before version 22.7R1.4, and Ivanti ZTA Gateways before version 22.8R2.2 allows a remote unauthenticated attacker to achieve remote code execution.",9,CWE-121,CWE-121 Stack-based Buffer Overflow,0.55896,Ivanti,Policy Secure,['22.7R1.4']
92,[MàJ] Vulnérabilité dans les produits Ivanti (03 avril 2025),**\[Mise à jour du 11 avril 2025\]** Le CERT-FR a connaissance d'une preuve de concept publique permettant de provoquer une exécution de code arbitraire à distance. **[Mise à jour du 04 avril 2025]** Le CERT-FR a connaissance d'une preuve de concept publique permettant de provoquer un arrêt du...,https://www.cert.ssi.gouv.fr/alerte/CERTFR-2025-ALE-003/,"Thu, 03 Apr 2025 00:00:00 +0000",[MàJ] Vulnérabilité dans les produits Ivanti (03 avril 2025),CVE-2025-22457,"A stack-based buffer overflow in Ivanti Connect Secure before version 22.7R2.6, Ivanti Policy Secure before version 22.7R1.4, and Ivanti ZTA Gateways before version 22.8R2.2 allows a remote unauthenticated attacker to achieve remote code execution.",9,CWE-121,CWE-121 Stack-based Buffer Overflow,0.55896,Ivanti,Neurons for ZTA gateways,['22.8R2.2']
93,Activités de post-exploitation dans Fortinet FortiGate (11 avril 2025),Fortinet a publié le 10 avril 2025 un billet de blogue [1] indiquant l'utilisation d'une technique de post-exploitation qui permet une atteinte à la confidentialité des données de l'ensemble du système des équipements Fortigate affectés. Cette technique repose sur l'utilisation d'un lien...,https://www.cert.ssi.gouv.fr/alerte/CERTFR-2025-ALE-004/,"Fri, 11 Apr 2025 00:00:00 +0000",Activités de post-exploitation dans Fortinet FortiGate (11 avril 2025),CVE-2022-42475,"A heap-based buffer overflow vulnerability [CWE-122] in FortiOS SSL-VPN 7.2.0 through 7.2.2, 7.0.0 through 7.0.8, 6.4.0 through 6.4.10, 6.2.0 through 6.2.11, 6.0.15 and earlier  and FortiProxy SSL-VPN 7.2.0 through 7.2.1, 7.0.7 and earlier may allow a remote unauthenticated attacker to execute arbitrary code or commands via specifically crafted requests.",9.3,CWE-197,Execute unauthorized code or commands,0.93919,Fortinet,FortiProxy,"['7.2.0', '7.0.0', '2.0.0', '1.2.0', '1.1.0', '1.0.0']"
94,Activités de post-exploitation dans Fortinet FortiGate (11 avril 2025),Fortinet a publié le 10 avril 2025 un billet de blogue [1] indiquant l'utilisation d'une technique de post-exploitation qui permet une atteinte à la confidentialité des données de l'ensemble du système des équipements Fortigate affectés. Cette technique repose sur l'utilisation d'un lien...,https://www.cert.ssi.gouv.fr/alerte/CERTFR-2025-ALE-004/,"Fri, 11 Apr 2025 00:00:00 +0000",Activités de post-exploitation dans Fortinet FortiGate (11 avril 2025),CVE-2022-42475,"A heap-based buffer overflow vulnerability [CWE-122] in FortiOS SSL-VPN 7.2.0 through 7.2.2, 7.0.0 through 7.0.8, 6.4.0 through 6.4.10, 6.2.0 through 6.2.11, 6.0.15 and earlier  and FortiProxy SSL-VPN 7.2.0 through 7.2.1, 7.0.7 and earlier may allow a remote unauthenticated attacker to execute arbitrary code or commands via specifically crafted requests.",9.3,CWE-197,Execute unauthorized code or commands,0.93919,Fortinet,FortiOS,"['7.2.0', '7.0.0', '6.4.0', '6.2.0', '6.0.0', '5.6.0', '5.4.0', '5.2.0', '5.0.0']"
95,Activités de post-exploitation dans Fortinet FortiGate (11 avril 2025),Fortinet a publié le 10 avril 2025 un billet de blogue [1] indiquant l'utilisation d'une technique de post-exploitation qui permet une atteinte à la confidentialité des données de l'ensemble du système des équipements Fortigate affectés. Cette technique repose sur l'utilisation d'un lien...,https://www.cert.ssi.gouv.fr/alerte/CERTFR-2025-ALE-004/,"Fri, 11 Apr 2025 00:00:00 +0000",Activités de post-exploitation dans Fortinet FortiGate (11 avril 2025),CVE-2023-27997,"A heap-based buffer overflow vulnerability [CWE-122] in FortiOS version 7.2.4 and below, version 7.0.11 and below, version 6.4.12 and below, version 6.0.16 and below and FortiProxy version 7.2.3 and below, version 7.0.9 and below, version 2.0.12 and below, version 1.2 all versions, version 1.1 all versions SSL-VPN may allow a remote attacker to execute arbitrary code or commands via specifically crafted requests.",9.2,CWE-122,Execute unauthorized code or commands,0.90846,Fortinet,FortiOS-6K7K,"['7.0.10', '7.0.5', '6.4.12', '6.4.10', '6.4.8', '6.4.6', '6.4.2', '6.2.9', '6.2.6', '6.2.4', '6.0.12', '6.0.10']"
96,Activités de post-exploitation dans Fortinet FortiGate (11 avril 2025),Fortinet a publié le 10 avril 2025 un billet de blogue [1] indiquant l'utilisation d'une technique de post-exploitation qui permet une atteinte à la confidentialité des données de l'ensemble du système des équipements Fortigate affectés. Cette technique repose sur l'utilisation d'un lien...,https://www.cert.ssi.gouv.fr/alerte/CERTFR-2025-ALE-004/,"Fri, 11 Apr 2025 00:00:00 +0000",Activités de post-exploitation dans Fortinet FortiGate (11 avril 2025),CVE-2023-27997,"A heap-based buffer overflow vulnerability [CWE-122] in FortiOS version 7.2.4 and below, version 7.0.11 and below, version 6.4.12 and below, version 6.0.16 and below and FortiProxy version 7.2.3 and below, version 7.0.9 and below, version 2.0.12 and below, version 1.2 all versions, version 1.1 all versions SSL-VPN may allow a remote attacker to execute arbitrary code or commands via specifically crafted requests.",9.2,CWE-122,Execute unauthorized code or commands,0.90846,Fortinet,FortiProxy,"['7.2.0', '7.0.0', '2.0.0', '1.2.0', '1.1.0']"
97,Activités de post-exploitation dans Fortinet FortiGate (11 avril 2025),Fortinet a publié le 10 avril 2025 un billet de blogue [1] indiquant l'utilisation d'une technique de post-exploitation qui permet une atteinte à la confidentialité des données de l'ensemble du système des équipements Fortigate affectés. Cette technique repose sur l'utilisation d'un lien...,https://www.cert.ssi.gouv.fr/alerte/CERTFR-2025-ALE-004/,"Fri, 11 Apr 2025 00:00:00 +0000",Activités de post-exploitation dans Fortinet FortiGate (11 avril 2025),CVE-2023-27997,"A heap-based buffer overflow vulnerability [CWE-122] in FortiOS version 7.2.4 and below, version 7.0.11 and below, version 6.4.12 and below, version 6.0.16 and below and FortiProxy version 7.2.3 and below, version 7.0.9 and below, version 2.0.12 and below, version 1.2 all versions, version 1.1 all versions SSL-VPN may allow a remote attacker to execute arbitrary code or commands via specifically crafted requests.",9.2,CWE-122,Execute unauthorized code or commands,0.90846,Fortinet,FortiOS,"['7.2.0', '7.0.0', '6.4.0', '6.2.0', '6.0.0']"
98,Activités de post-exploitation dans Fortinet FortiGate (11 avril 2025),Fortinet a publié le 10 avril 2025 un billet de blogue [1] indiquant l'utilisation d'une technique de post-exploitation qui permet une atteinte à la confidentialité des données de l'ensemble du système des équipements Fortigate affectés. Cette technique repose sur l'utilisation d'un lien...,https://www.cert.ssi.gouv.fr/alerte/CERTFR-2025-ALE-004/,"Fri, 11 Apr 2025 00:00:00 +0000",Activités de post-exploitation dans Fortinet FortiGate (11 avril 2025),CVE-2024-21762,"A out-of-bounds write in Fortinet FortiOS versions 7.4.0 through 7.4.2, 7.2.0 through 7.2.6, 7.0.0 through 7.0.13, 6.4.0 through 6.4.14, 6.2.0 through 6.2.15, 6.0.0 through 6.0.17, FortiProxy versions 7.4.0 through 7.4.2, 7.2.0 through 7.2.8, 7.0.0 through 7.0.14, 2.0.0 through 2.0.13, 1.2.0 through 1.2.13, 1.1.0 through 1.1.6, 1.0.0 through 1.0.7 allows attacker to execute unauthorized code or commands via specifically crafted requests",9.6,CWE-787,Execute unauthorized code or commands,0.92637,Fortinet,FortiProxy,"['7.4.0', '7.2.0', '7.0.0', '2.0.0', '1.2.0', '1.1.0', '1.0.0']"
99,Activités de post-exploitation dans Fortinet FortiGate (11 avril 2025),Fortinet a publié le 10 avril 2025 un billet de blogue [1] indiquant l'utilisation d'une technique de post-exploitation qui permet une atteinte à la confidentialité des données de l'ensemble du système des équipements Fortigate affectés. Cette technique repose sur l'utilisation d'un lien...,https://www.cert.ssi.gouv.fr/alerte/CERTFR-2025-ALE-004/,"Fri, 11 Apr 2025 00:00:00 +0000",Activités de post-exploitation dans Fortinet FortiGate (11 avril 2025),CVE-2024-21762,"A out-of-bounds write in Fortinet FortiOS versions 7.4.0 through 7.4.2, 7.2.0 through 7.2.6, 7.0.0 through 7.0.13, 6.4.0 through 6.4.14, 6.2.0 through 6.2.15, 6.0.0 through 6.0.17, FortiProxy versions 7.4.0 through 7.4.2, 7.2.0 through 7.2.8, 7.0.0 through 7.0.14, 2.0.0 through 2.0.13, 1.2.0 through 1.2.13, 1.1.0 through 1.1.6, 1.0.0 through 1.0.7 allows attacker to execute unauthorized code or commands via specifically crafted requests",9.6,CWE-787,Execute unauthorized code or commands,0.92637,Fortinet,FortiOS,"['7.4.0', '7.2.0', '7.0.0', '6.4.0', '6.2.0', '6.0.0']"
100,Vulnérabilité dans SAP NetWeaver (28 avril 2025),"Le 24 avril 2025, SAP a publié un bulletin de sécurité relatif à la vulnérabilité CVE-2025-31324 qui permet l'exécution de code arbitraire à distance pour un utilisateur non authentifié. Cette vulnérabilité est provoquée par un contournement de la politique de sécurité qui permet de télécharger...",https://www.cert.ssi.gouv.fr/alerte/CERTFR-2025-ALE-005/,"Mon, 28 Apr 2025 00:00:00 +0000",Vulnérabilité dans SAP NetWeaver (28 avril 2025),CVE-2025-31324,"SAP NetWeaver Visual Composer Metadata Uploader is not protected with a proper authorization, allowing unauthenticated agent to upload potentially malicious executable binaries that could severely harm the host system. This could significantly affect the confidentiality, integrity, and availability of the targeted system.",10,CWE-434,CWE-434: Unrestricted Upload of File with Dangerous Type,0.43664,SAP_SE,SAP NetWeaver (Visual Composer development server),['VCFRAMEWORK 7.50']
101,Vulnérabilité dans les produits Fortinet (13 mai 2025),"Le 13 mai 2025, Fortinet a publié un avis de sécurité concernant la vulnérabilité CVE-2025-32756. Celle-ci permet à un attaquant non authentifié d'exécuter du code arbitraire à distance. L'éditeur indique que cette vulnérabilité est activement exploitée. Les exploitations constatées jusqu'ici...",https://www.cert.ssi.gouv.fr/alerte/CERTFR-2025-ALE-006/,"Tue, 13 May 2025 00:00:00 +0000",Vulnérabilité dans les produits Fortinet (13 mai 2025),CVE-2025-32756,"A stack-based buffer overflow vulnerability [CWE-121] vulnerability in Fortinet FortiCamera 2.1.0 through 2.1.3, FortiCamera 2.0 all versions, FortiCamera 1.1 all versions, FortiMail 7.6.0 through 7.6.2, FortiMail 7.4.0 through 7.4.4, FortiMail 7.2.0 through 7.2.7, FortiMail 7.0.0 through 7.0.8, FortiNDR 7.6.0, FortiNDR 7.4.0 through 7.4.7, FortiNDR 7.2.0 through 7.2.4, FortiNDR 7.0.0 through 7.0.6, FortiRecorder 7.2.0 through 7.2.3, FortiRecorder 7.0.0 through 7.0.5, FortiRecorder 6.4.0 through 6.4.5, FortiVoice 7.2.0, FortiVoice 7.0.0 through 7.0.6, FortiVoice 6.4.0 through 6.4.10 allows a remote unauthenticated attacker to execute arbitrary code or commands via sending HTTP requests with specially crafted hash cookie.",9.6,CWE-121,Execute unauthorized code or commands,0.19679,Fortinet,FortiNDR,"['7.6.0', '7.4.0', '7.2.0', '7.1.0', '7.0.0', '1.5.0', '1.4.0', '1.3.0', '1.2.0', '1.1.0']"
102,Vulnérabilité dans les produits Fortinet (13 mai 2025),"Le 13 mai 2025, Fortinet a publié un avis de sécurité concernant la vulnérabilité CVE-2025-32756. Celle-ci permet à un attaquant non authentifié d'exécuter du code arbitraire à distance. L'éditeur indique que cette vulnérabilité est activement exploitée. Les exploitations constatées jusqu'ici...",https://www.cert.ssi.gouv.fr/alerte/CERTFR-2025-ALE-006/,"Tue, 13 May 2025 00:00:00 +0000",Vulnérabilité dans les produits Fortinet (13 mai 2025),CVE-2025-32756,"A stack-based buffer overflow vulnerability [CWE-121] vulnerability in Fortinet FortiCamera 2.1.0 through 2.1.3, FortiCamera 2.0 all versions, FortiCamera 1.1 all versions, FortiMail 7.6.0 through 7.6.2, FortiMail 7.4.0 through 7.4.4, FortiMail 7.2.0 through 7.2.7, FortiMail 7.0.0 through 7.0.8, FortiNDR 7.6.0, FortiNDR 7.4.0 through 7.4.7, FortiNDR 7.2.0 through 7.2.4, FortiNDR 7.0.0 through 7.0.6, FortiRecorder 7.2.0 through 7.2.3, FortiRecorder 7.0.0 through 7.0.5, FortiRecorder 6.4.0 through 6.4.5, FortiVoice 7.2.0, FortiVoice 7.0.0 through 7.0.6, FortiVoice 6.4.0 through 6.4.10 allows a remote unauthenticated attacker to execute arbitrary code or commands via sending HTTP requests with specially crafted hash cookie.",9.6,CWE-121,Execute unauthorized code or commands,0.19679,Fortinet,FortiCamera,"['2.1.0', '2.0.0', '1.1.0']"
103,Vulnérabilité dans les produits Fortinet (13 mai 2025),"Le 13 mai 2025, Fortinet a publié un avis de sécurité concernant la vulnérabilité CVE-2025-32756. Celle-ci permet à un attaquant non authentifié d'exécuter du code arbitraire à distance. L'éditeur indique que cette vulnérabilité est activement exploitée. Les exploitations constatées jusqu'ici...",https://www.cert.ssi.gouv.fr/alerte/CERTFR-2025-ALE-006/,"Tue, 13 May 2025 00:00:00 +0000",Vulnérabilité dans les produits Fortinet (13 mai 2025),CVE-2025-32756,"A stack-based buffer overflow vulnerability [CWE-121] vulnerability in Fortinet FortiCamera 2.1.0 through 2.1.3, FortiCamera 2.0 all versions, FortiCamera 1.1 all versions, FortiMail 7.6.0 through 7.6.2, FortiMail 7.4.0 through 7.4.4, FortiMail 7.2.0 through 7.2.7, FortiMail 7.0.0 through 7.0.8, FortiNDR 7.6.0, FortiNDR 7.4.0 through 7.4.7, FortiNDR 7.2.0 through 7.2.4, FortiNDR 7.0.0 through 7.0.6, FortiRecorder 7.2.0 through 7.2.3, FortiRecorder 7.0.0 through 7.0.5, FortiRecorder 6.4.0 through 6.4.5, FortiVoice 7.2.0, FortiVoice 7.0.0 through 7.0.6, FortiVoice 6.4.0 through 6.4.10 allows a remote unauthenticated attacker to execute arbitrary code or commands via sending HTTP requests with specially crafted hash cookie.",9.6,CWE-121,Execute unauthorized code or commands,0.19679,Fortinet,FortiRecorder,"['7.2.0', '7.0.0', '6.4.0']"
104,Vulnérabilité dans les produits Fortinet (13 mai 2025),"Le 13 mai 2025, Fortinet a publié un avis de sécurité concernant la vulnérabilité CVE-2025-32756. Celle-ci permet à un attaquant non authentifié d'exécuter du code arbitraire à distance. L'éditeur indique que cette vulnérabilité est activement exploitée. Les exploitations constatées jusqu'ici...",https://www.cert.ssi.gouv.fr/alerte/CERTFR-2025-ALE-006/,"Tue, 13 May 2025 00:00:00 +0000",Vulnérabilité dans les produits Fortinet (13 mai 2025),CVE-2025-32756,"A stack-based buffer overflow vulnerability [CWE-121] vulnerability in Fortinet FortiCamera 2.1.0 through 2.1.3, FortiCamera 2.0 all versions, FortiCamera 1.1 all versions, FortiMail 7.6.0 through 7.6.2, FortiMail 7.4.0 through 7.4.4, FortiMail 7.2.0 through 7.2.7, FortiMail 7.0.0 through 7.0.8, FortiNDR 7.6.0, FortiNDR 7.4.0 through 7.4.7, FortiNDR 7.2.0 through 7.2.4, FortiNDR 7.0.0 through 7.0.6, FortiRecorder 7.2.0 through 7.2.3, FortiRecorder 7.0.0 through 7.0.5, FortiRecorder 6.4.0 through 6.4.5, FortiVoice 7.2.0, FortiVoice 7.0.0 through 7.0.6, FortiVoice 6.4.0 through 6.4.10 allows a remote unauthenticated attacker to execute arbitrary code or commands via sending HTTP requests with specially crafted hash cookie.",9.6,CWE-121,Execute unauthorized code or commands,0.19679,Fortinet,FortiVoice,"['7.2.0', '7.0.0', '6.4.0']"
105,Vulnérabilité dans les produits Fortinet (13 mai 2025),"Le 13 mai 2025, Fortinet a publié un avis de sécurité concernant la vulnérabilité CVE-2025-32756. Celle-ci permet à un attaquant non authentifié d'exécuter du code arbitraire à distance. L'éditeur indique que cette vulnérabilité est activement exploitée. Les exploitations constatées jusqu'ici...",https://www.cert.ssi.gouv.fr/alerte/CERTFR-2025-ALE-006/,"Tue, 13 May 2025 00:00:00 +0000",Vulnérabilité dans les produits Fortinet (13 mai 2025),CVE-2025-32756,"A stack-based buffer overflow vulnerability [CWE-121] vulnerability in Fortinet FortiCamera 2.1.0 through 2.1.3, FortiCamera 2.0 all versions, FortiCamera 1.1 all versions, FortiMail 7.6.0 through 7.6.2, FortiMail 7.4.0 through 7.4.4, FortiMail 7.2.0 through 7.2.7, FortiMail 7.0.0 through 7.0.8, FortiNDR 7.6.0, FortiNDR 7.4.0 through 7.4.7, FortiNDR 7.2.0 through 7.2.4, FortiNDR 7.0.0 through 7.0.6, FortiRecorder 7.2.0 through 7.2.3, FortiRecorder 7.0.0 through 7.0.5, FortiRecorder 6.4.0 through 6.4.5, FortiVoice 7.2.0, FortiVoice 7.0.0 through 7.0.6, FortiVoice 6.4.0 through 6.4.10 allows a remote unauthenticated attacker to execute arbitrary code or commands via sending HTTP requests with specially crafted hash cookie.",9.6,CWE-121,Execute unauthorized code or commands,0.19679,Fortinet,FortiMail,"['7.6.0', '7.4.0', '7.2.0', '7.0.0']"
106,Multiples vulnérabilités dans Ivanti Endpoint Manager Mobile (EPMM) (14 mai 2025),"[Mise à jour du 15 mai 2025] Une preuve de concept est publiquement disponible sur Internet. [Publication initiale] Le 13 mai 2025, Ivanti a publié deux avis de sécurité concernant les vulnérabilités CVE-2025-4427 et CVE-2025-4428. L'utilisation combinée de ces deux vulnérabilités permet...",https://www.cert.ssi.gouv.fr/alerte/CERTFR-2025-ALE-007/,"Wed, 14 May 2025 00:00:00 +0000",Multiples vulnérabilités dans Ivanti Endpoint Manager Mobile (EPMM) (14 mai 2025),CVE-2025-4427,An authentication bypass in the API component of Ivanti Endpoint Manager Mobile 12.5.0.0 and prior allows attackers to access protected resources without proper credentials via the API.,5.3,CWE-288,CWE-288: Authentication Bypass Using an Alternate Path or Channel,0.91261,Ivanti,Endpoint Manager Mobile,['12.5.0.1']
107,Multiples vulnérabilités dans Ivanti Endpoint Manager Mobile (EPMM) (14 mai 2025),"[Mise à jour du 15 mai 2025] Une preuve de concept est publiquement disponible sur Internet. [Publication initiale] Le 13 mai 2025, Ivanti a publié deux avis de sécurité concernant les vulnérabilités CVE-2025-4427 et CVE-2025-4428. L'utilisation combinée de ces deux vulnérabilités permet...",https://www.cert.ssi.gouv.fr/alerte/CERTFR-2025-ALE-007/,"Wed, 14 May 2025 00:00:00 +0000",Multiples vulnérabilités dans Ivanti Endpoint Manager Mobile (EPMM) (14 mai 2025),CVE-2025-4428,Remote Code Execution in API component in Ivanti Endpoint Manager Mobile 12.5.0.0 and prior on unspecified platforms allows authenticated attackers to execute arbitrary code via crafted API requests.,7.2,CWE-94,CWE-94: Improper Control of Generation of Code ('Code Injection'),0.35684,Ivanti,Endpoint Manager Mobile,['12.5.0.1']
108,[MàJ] Vulnérabilité dans Roundcube (05 juin 2025),"[Mise à jour du 06 juin 2025] Une preuve de concept est publiquement disponible. [Publication initiale] Le 01 juin 2025, Roundcube a publié des correctifs concernant une vulnérabilité critique affectant son portail de messagerie ainsi que tous les produits l'incluant (par exemple cPanel et...",https://www.cert.ssi.gouv.fr/alerte/CERTFR-2025-ALE-008/,"Thu, 05 Jun 2025 00:00:00 +0000",[MàJ] Vulnérabilité dans Roundcube (05 juin 2025),CVE-2025-49113,"Roundcube Webmail before 1.5.10 and 1.6.x before 1.6.11 allows remote code execution by authenticated users because the _from parameter in a URL is not validated in program/actions/settings/upload.php, leading to PHP Object Deserialization.",9.9,CWE-502,CWE-502 Deserialization of Untrusted Data,0.90469,Roundcube,Webmail,"['0', '1.6.0']"
109,Multiples vulnérabilités dans Citrix NetScaler ADC et NetScaler Gateway (01 juillet 2025),"**[Mise à jour du 17 juillet 2025]** L'éditeur a publié un lien contenant une méthode d'évaluation permettant d'identifier des tentatives d'exploitation dans les journaux applicatifs et systèmes [12]. **[Mise à jour du 7 juillet 2025]** Le 17 juin 2025, Citrix a publié un bulletin de sécurité...",https://www.cert.ssi.gouv.fr/alerte/CERTFR-2025-ALE-009/,"Tue, 01 Jul 2025 00:00:00 +0000",Multiples vulnérabilités dans Citrix NetScaler ADC et NetScaler Gateway (01 juillet 2025),CVE-2025-6543,"Memory overflow vulnerability leading to unintended control flow and Denial of Service in NetScaler ADC and NetScaler Gateway when configured as Gateway (VPN virtual server, ICA Proxy, CVPN, RDP Proxy) OR AAA virtual server",Non disponible,CWE-119,CWE-119 Improper Restriction of Operations within the Bounds of a Memory Buffer,0.01064,NetScaler,ADC,"['14.1', '13.1', '13.1 FIPS and NDcPP']"
110,Multiples vulnérabilités dans Citrix NetScaler ADC et NetScaler Gateway (01 juillet 2025),"**[Mise à jour du 17 juillet 2025]** L'éditeur a publié un lien contenant une méthode d'évaluation permettant d'identifier des tentatives d'exploitation dans les journaux applicatifs et systèmes [12]. **[Mise à jour du 7 juillet 2025]** Le 17 juin 2025, Citrix a publié un bulletin de sécurité...",https://www.cert.ssi.gouv.fr/alerte/CERTFR-2025-ALE-009/,"Tue, 01 Jul 2025 00:00:00 +0000",Multiples vulnérabilités dans Citrix NetScaler ADC et NetScaler Gateway (01 juillet 2025),CVE-2025-6543,"Memory overflow vulnerability leading to unintended control flow and Denial of Service in NetScaler ADC and NetScaler Gateway when configured as Gateway (VPN virtual server, ICA Proxy, CVPN, RDP Proxy) OR AAA virtual server",Non disponible,CWE-119,CWE-119 Improper Restriction of Operations within the Bounds of a Memory Buffer,0.01064,NetScaler,Gateway,"['14.1', '13.1', '13.1 FIPS and NDcPP']"
111,Multiples vulnérabilités dans Citrix NetScaler ADC et NetScaler Gateway (01 juillet 2025),"**[Mise à jour du 17 juillet 2025]** L'éditeur a publié un lien contenant une méthode d'évaluation permettant d'identifier des tentatives d'exploitation dans les journaux applicatifs et systèmes [12]. **[Mise à jour du 7 juillet 2025]** Le 17 juin 2025, Citrix a publié un bulletin de sécurité...",https://www.cert.ssi.gouv.fr/alerte/CERTFR-2025-ALE-009/,"Tue, 01 Jul 2025 00:00:00 +0000",Multiples vulnérabilités dans Citrix NetScaler ADC et NetScaler Gateway (01 juillet 2025),CVE-2025-5777,"Insufficient input validation leading to memory overread when the NetScaler is configured as a Gateway (VPN virtual server, ICA Proxy, CVPN, RDP Proxy) OR AAA virtual server",Non disponible,CWE-125,CWE-125 Out-of-bounds Read,0.71453,NetScaler,ADC,"['14.1', '13.1']"
112,Multiples vulnérabilités dans Citrix NetScaler ADC et NetScaler Gateway (01 juillet 2025),"**[Mise à jour du 17 juillet 2025]** L'éditeur a publié un lien contenant une méthode d'évaluation permettant d'identifier des tentatives d'exploitation dans les journaux applicatifs et systèmes [12]. **[Mise à jour du 7 juillet 2025]** Le 17 juin 2025, Citrix a publié un bulletin de sécurité...",https://www.cert.ssi.gouv.fr/alerte/CERTFR-2025-ALE-009/,"Tue, 01 Jul 2025 00:00:00 +0000",Multiples vulnérabilités dans Citrix NetScaler ADC et NetScaler Gateway (01 juillet 2025),CVE-2025-5777,"Insufficient input validation leading to memory overread when the NetScaler is configured as a Gateway (VPN virtual server, ICA Proxy, CVPN, RDP Proxy) OR AAA virtual server",Non disponible,CWE-125,CWE-125 Out-of-bounds Read,0.71453,NetScaler,Gateway,"['14.1', '13.1']"
113,[MàJ] Multiples vulnérabilités dans Microsoft SharePoint (21 juillet 2025),"**[Mise à jour du 23 juillet 2025]** Le 20 juillet 2025, Microsoft a publié des correctifs pour une vulnérabilité de type limitation insuffisante d'un chemin d'accès à un répertoire restreint, aussi appelé *path traversal*, affectant SharePoint Enterprise Server 2016, SharePoint Server 2019 et...",https://www.cert.ssi.gouv.fr/alerte/CERTFR-2025-ALE-010/,"Mon, 21 Jul 2025 00:00:00 +0000",[MàJ] Multiples vulnérabilités dans Microsoft SharePoint (21 juillet 2025),CVE-2025-53770,"Deserialization of untrusted data in on-premises Microsoft SharePoint Server allows an unauthorized attacker to execute code over a network.
Microsoft is aware that an exploit for CVE-2025-53770 exists in the wild.
Microsoft is preparing and fully testing a comprehensive update to address this vulnerability.  In the meantime, please make sure that the mitigation provided in this CVE documentation is in place so that you are protected from exploitation.",9.8,CWE-502,CWE-502: Deserialization of Untrusted Data,0.87565,Microsoft,Microsoft SharePoint Enterprise Server 2016,['16.0.0']
114,[MàJ] Multiples vulnérabilités dans Microsoft SharePoint (21 juillet 2025),"**[Mise à jour du 23 juillet 2025]** Le 20 juillet 2025, Microsoft a publié des correctifs pour une vulnérabilité de type limitation insuffisante d'un chemin d'accès à un répertoire restreint, aussi appelé *path traversal*, affectant SharePoint Enterprise Server 2016, SharePoint Server 2019 et...",https://www.cert.ssi.gouv.fr/alerte/CERTFR-2025-ALE-010/,"Mon, 21 Jul 2025 00:00:00 +0000",[MàJ] Multiples vulnérabilités dans Microsoft SharePoint (21 juillet 2025),CVE-2025-53770,"Deserialization of untrusted data in on-premises Microsoft SharePoint Server allows an unauthorized attacker to execute code over a network.
Microsoft is aware that an exploit for CVE-2025-53770 exists in the wild.
Microsoft is preparing and fully testing a comprehensive update to address this vulnerability.  In the meantime, please make sure that the mitigation provided in this CVE documentation is in place so that you are protected from exploitation.",9.8,CWE-502,CWE-502: Deserialization of Untrusted Data,0.87565,Microsoft,Microsoft SharePoint Server 2019,['16.0.0']
115,[MàJ] Multiples vulnérabilités dans Microsoft SharePoint (21 juillet 2025),"**[Mise à jour du 23 juillet 2025]** Le 20 juillet 2025, Microsoft a publié des correctifs pour une vulnérabilité de type limitation insuffisante d'un chemin d'accès à un répertoire restreint, aussi appelé *path traversal*, affectant SharePoint Enterprise Server 2016, SharePoint Server 2019 et...",https://www.cert.ssi.gouv.fr/alerte/CERTFR-2025-ALE-010/,"Mon, 21 Jul 2025 00:00:00 +0000",[MàJ] Multiples vulnérabilités dans Microsoft SharePoint (21 juillet 2025),CVE-2025-53770,"Deserialization of untrusted data in on-premises Microsoft SharePoint Server allows an unauthorized attacker to execute code over a network.
Microsoft is aware that an exploit for CVE-2025-53770 exists in the wild.
Microsoft is preparing and fully testing a comprehensive update to address this vulnerability.  In the meantime, please make sure that the mitigation provided in this CVE documentation is in place so that you are protected from exploitation.",9.8,CWE-502,CWE-502: Deserialization of Untrusted Data,0.87565,Microsoft,Microsoft SharePoint Server Subscription Edition,['16.0.0']
116,[MàJ] Multiples vulnérabilités dans Microsoft SharePoint (21 juillet 2025),"**[Mise à jour du 23 juillet 2025]** Le 20 juillet 2025, Microsoft a publié des correctifs pour une vulnérabilité de type limitation insuffisante d'un chemin d'accès à un répertoire restreint, aussi appelé *path traversal*, affectant SharePoint Enterprise Server 2016, SharePoint Server 2019 et...",https://www.cert.ssi.gouv.fr/alerte/CERTFR-2025-ALE-010/,"Mon, 21 Jul 2025 00:00:00 +0000",[MàJ] Multiples vulnérabilités dans Microsoft SharePoint (21 juillet 2025),CVE-2025-53771,Improper authentication in Microsoft Office SharePoint allows an unauthorized attacker to perform spoofing over a network.,6.5,CWE-287,CWE-287: Improper Authentication,0.38435,Microsoft,Microsoft SharePoint Enterprise Server 2016,['16.0.0']
117,[MàJ] Multiples vulnérabilités dans Microsoft SharePoint (21 juillet 2025),"**[Mise à jour du 23 juillet 2025]** Le 20 juillet 2025, Microsoft a publié des correctifs pour une vulnérabilité de type limitation insuffisante d'un chemin d'accès à un répertoire restreint, aussi appelé *path traversal*, affectant SharePoint Enterprise Server 2016, SharePoint Server 2019 et...",https://www.cert.ssi.gouv.fr/alerte/CERTFR-2025-ALE-010/,"Mon, 21 Jul 2025 00:00:00 +0000",[MàJ] Multiples vulnérabilités dans Microsoft SharePoint (21 juillet 2025),CVE-2025-53771,Improper authentication in Microsoft Office SharePoint allows an unauthorized attacker to perform spoofing over a network.,6.5,CWE-287,CWE-287: Improper Authentication,0.38435,Microsoft,Microsoft SharePoint Server 2019,['16.0.0']
118,[MàJ] Multiples vulnérabilités dans Microsoft SharePoint (21 juillet 2025),"**[Mise à jour du 23 juillet 2025]** Le 20 juillet 2025, Microsoft a publié des correctifs pour une vulnérabilité de type limitation insuffisante d'un chemin d'accès à un répertoire restreint, aussi appelé *path traversal*, affectant SharePoint Enterprise Server 2016, SharePoint Server 2019 et...",https://www.cert.ssi.gouv.fr/alerte/CERTFR-2025-ALE-010/,"Mon, 21 Jul 2025 00:00:00 +0000",[MàJ] Multiples vulnérabilités dans Microsoft SharePoint (21 juillet 2025),CVE-2025-53771,Improper authentication in Microsoft Office SharePoint allows an unauthorized attacker to perform spoofing over a network.,6.5,CWE-287,CWE-287: Improper Authentication,0.38435,Microsoft,Microsoft SharePoint Server Subscription Edition,['16.0.0']
119,Incidents de sécurité dans les pare-feux SonicWall (05 août 2025),"[Mise à jour du 7 août 2025] Le 6 août 2025, SonicWall a remplacé une partie de son communiqué initial pour indiquer que les incidents de sécurité évoqués étaient vraisemblablement corrélés à la vulnérabilité CVE-2024-40766. Celle-ci a fait l'objet d'un bulletin de sécurité, SNWLID-2024-0015 (cf....",https://www.cert.ssi.gouv.fr/alerte/CERTFR-2025-ALE-011/,"Tue, 05 Aug 2025 00:00:00 +0000",Incidents de sécurité dans les pare-feux SonicWall (05 août 2025),CVE-2024-40766,"An improper access control vulnerability has been identified in the SonicWall SonicOS management access, potentially leading to unauthorized resource access and in specific conditions, causing the firewall to crash. This issue affects SonicWall Firewall Gen 5 and Gen 6 devices, as well as Gen 7 devices running SonicOS 7.0.1-5035 and older versions.",Non disponible,CWE-284,CWE-284 Improper Access Control,0.03443,SonicWall,SonicOS,"['5.9.2.14-12o and older versions', '6.5.4.14-109n and older versions', '7.0.1-5035 and older versions']"
120,Vulnérabilité dans Citrix NetScaler ADC et NetScaler Gateway (26 août 2025),"Le 26 août 2025, Citrix a publié un bulletin de sécurité (cf. section Documentation) concernant, entre autres, la vulnérabilité CVE-2025-7775. Celle-ci permet une exécution de code arbitraire à distance et affecte toutes les versions de Citrix NetScaler ADC et NetScaler Gateway, dans certaines...",https://www.cert.ssi.gouv.fr/alerte/CERTFR-2025-ALE-012/,"Tue, 26 Aug 2025 00:00:00 +0000",Vulnérabilité dans Citrix NetScaler ADC et NetScaler Gateway (26 août 2025),CVE-2025-7775,"Memory overflow vulnerability leading to Remote Code Execution and/or Denial of Service in NetScaler ADC and NetScaler Gateway when NetScaler is configured as Gateway (VPN virtual server, ICA Proxy, CVPN, RDP Proxy) or AAA virtual server

(OR)

NetScaler ADC and NetScaler Gateway 13.1, 14.1, 13.1-FIPS and NDcPP: LB virtual servers of type (HTTP, SSL or HTTP_QUIC) bound with IPv6 services or servicegroups bound with IPv6 servers 

(OR)

NetScaler ADC and NetScaler Gateway 13.1, 14.1, 13.1-FIPS and NDcPP: LB virtual servers of type (HTTP, SSL or HTTP_QUIC) bound with DBS IPv6 services or servicegroups bound with IPv6 DBS servers

(OR)

CR virtual server with type HDX",Non disponible,CWE-119,CWE-119 Improper Restriction of Operations within the Bounds of a Memory Buffer,0.0779,NetScaler,ADC,"['14.1', '13.1', '13.1 FIPS and NDcPP', '12.1 FIPS and NDcPP']"
121,Vulnérabilité dans Citrix NetScaler ADC et NetScaler Gateway (26 août 2025),"Le 26 août 2025, Citrix a publié un bulletin de sécurité (cf. section Documentation) concernant, entre autres, la vulnérabilité CVE-2025-7775. Celle-ci permet une exécution de code arbitraire à distance et affecte toutes les versions de Citrix NetScaler ADC et NetScaler Gateway, dans certaines...",https://www.cert.ssi.gouv.fr/alerte/CERTFR-2025-ALE-012/,"Tue, 26 Aug 2025 00:00:00 +0000",Vulnérabilité dans Citrix NetScaler ADC et NetScaler Gateway (26 août 2025),CVE-2025-7775,"Memory overflow vulnerability leading to Remote Code Execution and/or Denial of Service in NetScaler ADC and NetScaler Gateway when NetScaler is configured as Gateway (VPN virtual server, ICA Proxy, CVPN, RDP Proxy) or AAA virtual server

(OR)

NetScaler ADC and NetScaler Gateway 13.1, 14.1, 13.1-FIPS and NDcPP: LB virtual servers of type (HTTP, SSL or HTTP_QUIC) bound with IPv6 services or servicegroups bound with IPv6 servers 

(OR)

NetScaler ADC and NetScaler Gateway 13.1, 14.1, 13.1-FIPS and NDcPP: LB virtual servers of type (HTTP, SSL or HTTP_QUIC) bound with DBS IPv6 services or servicegroups bound with IPv6 DBS servers

(OR)

CR virtual server with type HDX",Non disponible,CWE-119,CWE-119 Improper Restriction of Operations within the Bounds of a Memory Buffer,0.0779,NetScaler,Gateway,"['14.1', '13.1', '13.1 FIPS and NDcPP', '12.1 FIPS and NDcPP']"
122,[MàJ] Multiples vulnérabilités dans Cisco ASA et FTD (25 septembre 2025),"**[Mise à jour du 07 novembre 2025]** Le 5 novembre 2025, Cisco a mis a jour son billet de blogue initialement publié le 25 septembre 2025 (cf. section Documentation). L'éditeur déclare avoir connaissance d'une nouvelle attaque, affectant les équipements ASA et FTD vulnérables, qui cause un déni...",https://www.cert.ssi.gouv.fr/alerte/CERTFR-2025-ALE-013/,"Thu, 25 Sep 2025 00:00:00 +0000",[MàJ] Multiples vulnérabilités dans Cisco ASA et FTD (25 septembre 2025),CVE-2025-20362,"Update: On November 5, 2025, Cisco became aware of a new attack variant against devices running Cisco Secure ASA Software or Cisco Secure FTD Software releases that are affected by CVE-2025-20333 and CVE-2025-20362. This attack can cause unpatched devices to unexpectedly reload, leading to denial of service (DoS) conditions. Cisco strongly recommends that all customers upgrade to the fixed software releases that are listed in the Fixed Software [""#fs""] section of this advisory.
 A vulnerability in the VPN web server of Cisco Secure Firewall Adaptive Security Appliance (ASA) Software and Cisco Secure Firewall Threat Defense (FTD) Software could allow an unauthenticated, remote attacker to access restricted URL endpoints that are related to remote access VPN that should otherwise be inaccessible without authentication.
 This vulnerability is due to improper validation of user-supplied input in HTTP(S) requests. An attacker could exploit this vulnerability by sending crafted HTTP requests to a targeted web server on a device. A successful exploit could allow the attacker to access a restricted URL without authentication.",6.5,CWE-862,Missing Authorization,0.50936,Cisco,Cisco Secure Firewall Adaptive Security Appliance (ASA) Software,"['9.8.1', '9.8.1.5', '9.8.1.7', '9.8.2', '9.8.2.8', '9.8.2.14', '9.8.2.15', '9.8.2.17', '9.8.2.20', '9.8.2.24', '9.8.2.26', '9.8.2.28', '9.8.2.33', '9.8.2.35', '9.8.2.38', '9.8.3.8', '9.8.3.11', '9.8.3.14', '9.8.3.16', '9.8.3.18', '9.8.3.21', '9.8.3', '9.8.3.26', '9.8.3.29', '9.8.4', '9.8.4.3', '9.8.4.7', '9.8.4.8', '9.8.4.10', '9.8.4.12', '9.8.4.15', '9.8.4.17', '9.8.2.45', '9.8.4.25', '9.8.4.20', '9.8.4.22', '9.8.4.26', '9.8.4.29', '9.8.4.32', '9.8.4.33', '9.8.4.34', '9.8.4.35', '9.8.4.39', '9.8.4.40', '9.8.4.41', '9.8.4.43', '9.8.4.44', '9.8.4.45', '9.8.4.46', '9.8.4.48', '9.12.1', '9.12.1.2', '9.12.1.3', '9.12.2', '9.12.2.4', '9.12.2.5', '9.12.2.9', '9.12.3', '9.12.3.2', '9.12.3.7', '9.12.4', '9.12.3.12', '9.12.3.9', '9.12.2.1', '9.12.4.2', '9.12.4.4', '9.12.4.7', '9.12.4.10', '9.12.4.13', '9.12.4.8', '9.12.4.18', '9.12.4.24', '9.12.4.26', '9.12.4.29', '9.12.4.30', '9.12.4.35', '9.12.4.37', '9.12.4.38', '9.12.4.39', '9.12.4.40', '9.12.4.41', '9.12.4.47', '9.12.4.48', '9.12.4.50', '9.12.4.52', '9.12.4.54', '9.12.4.55', '9.12.4.56', '9.12.4.58', '9.12.4.62', '9.12.4.65', '9.12.4.67', '9.14.1', '9.14.1.10', '9.14.1.6', '9.14.1.15', '9.14.1.19', '9.14.1.30', '9.14.2', '9.14.2.4', '9.14.2.8', '9.14.2.13', '9.14.2.15', '9.14.3', '9.14.3.1', '9.14.3.9', '9.14.3.11', '9.14.3.13', '9.14.3.18', '9.14.3.15', '9.14.4', '9.14.4.6', '9.14.4.7', '9.14.4.12', '9.14.4.13', '9.14.4.14', '9.14.4.15', '9.14.4.17', '9.14.4.22', '9.14.4.23', '9.14.4.24', '9.16.1', '9.16.1.28', '9.16.2', '9.16.2.3', '9.16.2.7', '9.16.2.11', '9.16.2.13', '9.16.2.14', '9.16.3', '9.16.3.3', '9.16.3.14', '9.16.3.15', '9.16.3.19', '9.16.3.23', '9.16.4', '9.16.4.9', '9.16.4.14', '9.16.4.18', '9.16.4.19', '9.16.4.27', '9.16.4.38', '9.16.4.39', '9.16.4.42', '9.16.4.48', '9.16.4.55', '9.16.4.57', '9.16.4.61', '9.16.4.62', '9.16.4.67', '9.16.4.70', '9.16.4.71', '9.16.4.76', '9.16.4.82', '9.16.4.84', '9.17.1', '9.17.1.7', '9.17.1.9', '9.17.1.10', '9.17.1.11', '9.17.1.13', '9.17.1.15', '9.17.1.20', '9.17.1.30', '9.17.1.33', '9.17.1.39', '9.17.1.45', '9.17.1.46', '9.18.1', '9.18.1.3', '9.18.2', '9.18.2.5', '9.18.2.7', '9.18.2.8', '9.18.3', '9.18.3.39', '9.18.3.46', '9.18.3.53', '9.18.3.55', '9.18.3.56', '9.18.4', '9.18.4.5', '9.18.4.8', '9.18.4.22', '9.18.4.24', '9.18.4.29', '9.18.4.34', '9.18.4.40', '9.18.4.47', '9.18.4.50', '9.18.4.52', '9.18.4.53', '9.18.4.57', '9.18.4.66', '9.19.1', '9.19.1.5', '9.19.1.9', '9.19.1.12', '9.19.1.18', '9.19.1.22', '9.19.1.24', '9.19.1.27', '9.19.1.28', '9.19.1.31', '9.19.1.37', '9.19.1.38', '9.19.1.42', '9.20.1', '9.20.1.5', '9.20.2', '9.20.2.10', '9.20.2.21', '9.20.2.22', '9.20.3', '9.20.3.4', '9.20.3.7', '9.20.3.9', '9.20.3.10', '9.20.3.13', '9.20.3.16', '9.20.3.20', '9.20.4', '9.20.4.7', '9.22.1.1', '9.22.1.3', '9.22.1.2', '9.22.1.6', '9.22.2', '9.22.2.4', '9.22.2.9', '9.22.2.13', '9.23.1', '9.23.1.3', '9.23.1.7', '9.23.1.13']"
123,[MàJ] Multiples vulnérabilités dans Cisco ASA et FTD (25 septembre 2025),"**[Mise à jour du 07 novembre 2025]** Le 5 novembre 2025, Cisco a mis a jour son billet de blogue initialement publié le 25 septembre 2025 (cf. section Documentation). L'éditeur déclare avoir connaissance d'une nouvelle attaque, affectant les équipements ASA et FTD vulnérables, qui cause un déni...",https://www.cert.ssi.gouv.fr/alerte/CERTFR-2025-ALE-013/,"Thu, 25 Sep 2025 00:00:00 +0000",[MàJ] Multiples vulnérabilités dans Cisco ASA et FTD (25 septembre 2025),CVE-2025-20362,"Update: On November 5, 2025, Cisco became aware of a new attack variant against devices running Cisco Secure ASA Software or Cisco Secure FTD Software releases that are affected by CVE-2025-20333 and CVE-2025-20362. This attack can cause unpatched devices to unexpectedly reload, leading to denial of service (DoS) conditions. Cisco strongly recommends that all customers upgrade to the fixed software releases that are listed in the Fixed Software [""#fs""] section of this advisory.
 A vulnerability in the VPN web server of Cisco Secure Firewall Adaptive Security Appliance (ASA) Software and Cisco Secure Firewall Threat Defense (FTD) Software could allow an unauthenticated, remote attacker to access restricted URL endpoints that are related to remote access VPN that should otherwise be inaccessible without authentication.
 This vulnerability is due to improper validation of user-supplied input in HTTP(S) requests. An attacker could exploit this vulnerability by sending crafted HTTP requests to a targeted web server on a device. A successful exploit could allow the attacker to access a restricted URL without authentication.",6.5,CWE-862,Missing Authorization,0.50936,Cisco,Cisco Secure Firewall Threat Defense (FTD) Software,"['6.2.3', '6.2.3.1', '6.2.3.2', '6.2.3.3', '6.2.3.4', '6.2.3.5', '6.2.3.6', '6.2.3.7', '6.2.3.8', '6.2.3.10', '6.2.3.11', '6.2.3.9', '6.2.3.12', '6.2.3.13', '6.2.3.14', '6.2.3.15', '6.2.3.16', '6.2.3.17', '6.2.3.18', '6.6.0', '6.6.0.1', '6.6.1', '6.6.3', '6.6.4', '6.6.5', '6.6.5.1', '6.6.5.2', '6.6.7', '6.6.7.1', '6.6.7.2', '6.4.0', '6.4.0.1', '6.4.0.3', '6.4.0.2', '6.4.0.4', '6.4.0.5', '6.4.0.6', '6.4.0.7', '6.4.0.8', '6.4.0.9', '6.4.0.10', '6.4.0.11', '6.4.0.12', '6.4.0.13', '6.4.0.14', '6.4.0.15', '6.4.0.16', '6.4.0.17', '6.4.0.18', '7.0.0', '7.0.0.1', '7.0.1', '7.0.1.1', '7.0.2', '7.0.2.1', '7.0.3', '7.0.4', '7.0.5', '7.0.6', '7.0.6.1', '7.0.6.2', '7.0.6.3', '7.0.7', '7.0.8', '7.1.0', '7.1.0.1', '7.1.0.2', '7.1.0.3', '7.2.0', '7.2.0.1', '7.2.1', '7.2.2', '7.2.3', '7.2.4', '7.2.4.1', '7.2.5', '7.2.5.1', '7.2.6', '7.2.7', '7.2.5.2', '7.2.8', '7.2.8.1', '7.2.9', '7.2.10', '7.3.0', '7.3.1', '7.3.1.1', '7.3.1.2', '7.4.0', '7.4.1', '7.4.1.1', '7.4.2', '7.4.2.1', '7.4.2.2', '7.4.2.3', '7.6.0', '7.6.1', '7.6.2', '7.7.0', '7.7.10']"
124,[MàJ] Multiples vulnérabilités dans Cisco ASA et FTD (25 septembre 2025),"**[Mise à jour du 07 novembre 2025]** Le 5 novembre 2025, Cisco a mis a jour son billet de blogue initialement publié le 25 septembre 2025 (cf. section Documentation). L'éditeur déclare avoir connaissance d'une nouvelle attaque, affectant les équipements ASA et FTD vulnérables, qui cause un déni...",https://www.cert.ssi.gouv.fr/alerte/CERTFR-2025-ALE-013/,"Thu, 25 Sep 2025 00:00:00 +0000",[MàJ] Multiples vulnérabilités dans Cisco ASA et FTD (25 septembre 2025),CVE-2025-20333,"A vulnerability in the VPN web server of Cisco Secure Firewall Adaptive Security Appliance (ASA) Software and Cisco Secure Firewall Threat Defense (FTD) Software could allow an authenticated, remote attacker to execute arbitrary code on an affected device.
 This vulnerability is due to improper validation of user-supplied input in HTTP(S) requests. An attacker with valid VPN user credentials could exploit this vulnerability by sending crafted HTTP requests to an affected device. A successful exploit could allow the attacker to execute arbitrary code as root, possibly resulting in the complete compromise of the affected device.",9.9,CWE-120,Buffer Copy without Checking Size of Input ('Classic Buffer Overflow'),0.24653,Cisco,Cisco Secure Firewall Adaptive Security Appliance (ASA) Software,"['9.8.1', '9.8.1.5', '9.8.1.7', '9.8.2', '9.8.2.8', '9.8.2.14', '9.8.2.15', '9.8.2.17', '9.8.2.20', '9.8.2.24', '9.8.2.26', '9.8.2.28', '9.8.2.33', '9.8.2.35', '9.8.2.38', '9.8.3.8', '9.8.3.11', '9.8.3.14', '9.8.3.16', '9.8.3.18', '9.8.3.21', '9.8.3', '9.8.3.26', '9.8.3.29', '9.8.4', '9.8.4.3', '9.8.4.7', '9.8.4.8', '9.8.4.10', '9.8.4.12', '9.8.4.15', '9.8.4.17', '9.8.2.45', '9.8.4.25', '9.8.4.20', '9.8.4.22', '9.8.4.26', '9.8.4.29', '9.8.4.32', '9.8.4.33', '9.8.4.34', '9.8.4.35', '9.8.4.39', '9.8.4.40', '9.8.4.41', '9.8.4.43', '9.8.4.44', '9.8.4.45', '9.8.4.46', '9.8.4.48', '9.12.1', '9.12.1.2', '9.12.1.3', '9.12.2', '9.12.2.4', '9.12.2.5', '9.12.2.9', '9.12.3', '9.12.3.2', '9.12.3.7', '9.12.4', '9.12.3.12', '9.12.3.9', '9.12.2.1', '9.12.4.2', '9.12.4.4', '9.12.4.7', '9.12.4.10', '9.12.4.13', '9.12.4.8', '9.12.4.18', '9.12.4.24', '9.12.4.26', '9.12.4.29', '9.12.4.30', '9.12.4.35', '9.12.4.37', '9.12.4.38', '9.12.4.39', '9.12.4.40', '9.12.4.41', '9.12.4.47', '9.12.4.48', '9.12.4.50', '9.12.4.52', '9.12.4.54', '9.12.4.55', '9.12.4.56', '9.12.4.58', '9.12.4.62', '9.12.4.65', '9.12.4.67', '9.14.1', '9.14.1.10', '9.14.1.6', '9.14.1.15', '9.14.1.19', '9.14.1.30', '9.14.2', '9.14.2.4', '9.14.2.8', '9.14.2.13', '9.14.2.15', '9.14.3', '9.14.3.1', '9.14.3.9', '9.14.3.11', '9.14.3.13', '9.14.3.18', '9.14.3.15', '9.14.4', '9.14.4.6', '9.14.4.7', '9.14.4.12', '9.14.4.13', '9.14.4.14', '9.14.4.15', '9.14.4.17', '9.14.4.22', '9.14.4.23', '9.14.4.24', '9.16.1', '9.16.1.28', '9.16.2', '9.16.2.3', '9.16.2.7', '9.16.2.11', '9.16.2.13', '9.16.2.14', '9.16.3', '9.16.3.3', '9.16.3.14', '9.16.3.15', '9.16.3.19', '9.16.3.23', '9.16.4', '9.16.4.9', '9.16.4.14', '9.16.4.18', '9.16.4.19', '9.16.4.27', '9.16.4.38', '9.16.4.39', '9.16.4.42', '9.16.4.48', '9.16.4.55', '9.16.4.57', '9.16.4.61', '9.16.4.62', '9.16.4.67', '9.16.4.70', '9.16.4.71', '9.16.4.76', '9.16.4.82', '9.16.4.84', '9.17.1', '9.17.1.7', '9.17.1.9', '9.17.1.10', '9.17.1.11', '9.17.1.13', '9.17.1.15', '9.17.1.20', '9.17.1.30', '9.17.1.33', '9.17.1.39', '9.18.1', '9.18.1.3', '9.18.2', '9.18.2.5', '9.18.2.7', '9.18.2.8', '9.18.3', '9.18.3.39', '9.18.3.46', '9.18.3.53', '9.18.3.55', '9.18.3.56', '9.18.4', '9.18.4.5', '9.18.4.8', '9.18.4.22', '9.18.4.24', '9.18.4.29', '9.18.4.34', '9.18.4.40', '9.19.1', '9.19.1.5', '9.19.1.9', '9.19.1.12', '9.19.1.18', '9.19.1.22', '9.19.1.24', '9.19.1.27', '9.19.1.28', '9.19.1.31', '9.20.1', '9.20.1.5', '9.20.2', '9.20.2.10', '9.20.2.21', '9.20.2.22', '9.20.3', '9.20.3.4', '9.22.1.1', '9.22.1.2']"
125,[MàJ] Multiples vulnérabilités dans Cisco ASA et FTD (25 septembre 2025),"**[Mise à jour du 07 novembre 2025]** Le 5 novembre 2025, Cisco a mis a jour son billet de blogue initialement publié le 25 septembre 2025 (cf. section Documentation). L'éditeur déclare avoir connaissance d'une nouvelle attaque, affectant les équipements ASA et FTD vulnérables, qui cause un déni...",https://www.cert.ssi.gouv.fr/alerte/CERTFR-2025-ALE-013/,"Thu, 25 Sep 2025 00:00:00 +0000",[MàJ] Multiples vulnérabilités dans Cisco ASA et FTD (25 septembre 2025),CVE-2025-20333,"A vulnerability in the VPN web server of Cisco Secure Firewall Adaptive Security Appliance (ASA) Software and Cisco Secure Firewall Threat Defense (FTD) Software could allow an authenticated, remote attacker to execute arbitrary code on an affected device.
 This vulnerability is due to improper validation of user-supplied input in HTTP(S) requests. An attacker with valid VPN user credentials could exploit this vulnerability by sending crafted HTTP requests to an affected device. A successful exploit could allow the attacker to execute arbitrary code as root, possibly resulting in the complete compromise of the affected device.",9.9,CWE-120,Buffer Copy without Checking Size of Input ('Classic Buffer Overflow'),0.24653,Cisco,Cisco Secure Firewall Threat Defense (FTD) Software,"['6.2.3', '6.2.3.1', '6.2.3.2', '6.2.3.3', '6.2.3.4', '6.2.3.5', '6.2.3.6', '6.2.3.7', '6.2.3.8', '6.2.3.10', '6.2.3.11', '6.2.3.9', '6.2.3.12', '6.2.3.13', '6.2.3.14', '6.2.3.15', '6.2.3.16', '6.2.3.17', '6.2.3.18', '6.6.0', '6.6.0.1', '6.6.1', '6.6.3', '6.6.4', '6.6.5', '6.6.5.1', '6.6.5.2', '6.6.7', '6.6.7.1', '6.6.7.2', '6.4.0', '6.4.0.1', '6.4.0.3', '6.4.0.2', '6.4.0.4', '6.4.0.5', '6.4.0.6', '6.4.0.7', '6.4.0.8', '6.4.0.9', '6.4.0.10', '6.4.0.11', '6.4.0.12', '6.4.0.13', '6.4.0.14', '6.4.0.15', '6.4.0.16', '6.4.0.17', '6.4.0.18', '7.0.0', '7.0.0.1', '7.0.1', '7.0.1.1', '7.0.2', '7.0.2.1', '7.0.3', '7.0.4', '7.0.5', '7.0.6', '7.0.6.1', '7.0.6.2', '7.0.6.3', '7.0.7', '7.0.8', '7.1.0', '7.1.0.1', '7.1.0.2', '7.1.0.3', '7.2.0', '7.2.0.1', '7.2.1', '7.2.2', '7.2.3', '7.2.4', '7.2.4.1', '7.2.5', '7.2.5.1', '7.2.6', '7.2.7', '7.2.5.2', '7.2.8', '7.2.8.1', '7.3.0', '7.3.1', '7.3.1.1', '7.3.1.2', '7.4.0', '7.4.1', '7.4.1.1', '7.4.2', '7.4.2.1', '7.4.2.2', '7.4.2.3', '7.6.0']"
126,[MàJ] Vulnérabilité dans React Server Components (05 décembre 2025),**[Mise à jour du 11 décembre 2025]** Le CERT-FR a connaissance de multiples exploitations de la vulnérabilité CVE-2025-55182. Les serveurs avec une version vulnérable exposés après la publication des preuves de concept publiques du 5 décembre 2025 doivent être considérés comme compromis....,https://www.cert.ssi.gouv.fr/alerte/CERTFR-2025-ALE-014/,"Fri, 05 Dec 2025 00:00:00 +0000",[MàJ] Vulnérabilité dans React Server Components (05 décembre 2025),CVE-2025-55182,"A pre-authentication remote code execution vulnerability exists in React Server Components versions 19.0.0, 19.1.0, 19.1.1, and 19.2.0 including the following packages: react-server-dom-parcel, react-server-dom-turbopack, and react-server-dom-webpack. The vulnerable code unsafely deserializes payloads from HTTP requests to Server Function endpoints.",10,Non disponible,Deserialization of Untrusted Data (CWE-502),0.82011,Meta,react-server-dom-webpack,"['19.0.0', '19.1.0', '19.2.0']"
127,[MàJ] Vulnérabilité dans React Server Components (05 décembre 2025),**[Mise à jour du 11 décembre 2025]** Le CERT-FR a connaissance de multiples exploitations de la vulnérabilité CVE-2025-55182. Les serveurs avec une version vulnérable exposés après la publication des preuves de concept publiques du 5 décembre 2025 doivent être considérés comme compromis....,https://www.cert.ssi.gouv.fr/alerte/CERTFR-2025-ALE-014/,"Fri, 05 Dec 2025 00:00:00 +0000",[MàJ] Vulnérabilité dans React Server Components (05 décembre 2025),CVE-2025-55182,"A pre-authentication remote code execution vulnerability exists in React Server Components versions 19.0.0, 19.1.0, 19.1.1, and 19.2.0 including the following packages: react-server-dom-parcel, react-server-dom-turbopack, and react-server-dom-webpack. The vulnerable code unsafely deserializes payloads from HTTP requests to Server Function endpoints.",10,Non disponible,Deserialization of Untrusted Data (CWE-502),0.82011,Meta,react-server-dom-turbopack,"['19.0.0', '19.1.0', '19.2.0']"
128,[MàJ] Vulnérabilité dans React Server Components (05 décembre 2025),**[Mise à jour du 11 décembre 2025]** Le CERT-FR a connaissance de multiples exploitations de la vulnérabilité CVE-2025-55182. Les serveurs avec une version vulnérable exposés après la publication des preuves de concept publiques du 5 décembre 2025 doivent être considérés comme compromis....,https://www.cert.ssi.gouv.fr/alerte/CERTFR-2025-ALE-014/,"Fri, 05 Dec 2025 00:00:00 +0000",[MàJ] Vulnérabilité dans React Server Components (05 décembre 2025),CVE-2025-55182,"A pre-authentication remote code execution vulnerability exists in React Server Components versions 19.0.0, 19.1.0, 19.1.1, and 19.2.0 including the following packages: react-server-dom-parcel, react-server-dom-turbopack, and react-server-dom-webpack. The vulnerable code unsafely deserializes payloads from HTTP requests to Server Function endpoints.",10,Non disponible,Deserialization of Untrusted Data (CWE-502),0.82011,Meta,react-server-dom-parcel,"['19.0.0', '19.1.0', '19.2.0']"
129,[MàJ] Vulnérabilité dans React Server Components (05 décembre 2025),**[Mise à jour du 11 décembre 2025]** Le CERT-FR a connaissance de multiples exploitations de la vulnérabilité CVE-2025-55182. Les serveurs avec une version vulnérable exposés après la publication des preuves de concept publiques du 5 décembre 2025 doivent être considérés comme compromis....,https://www.cert.ssi.gouv.fr/alerte/CERTFR-2025-ALE-014/,"Fri, 05 Dec 2025 00:00:00 +0000",[MàJ] Vulnérabilité dans React Server Components (05 décembre 2025),CVE-2025-66478,Non disponible,Non disponible,Non disponible,Non disponible,-1.0,,,
130,[MàJ] Multiples vulnérabilités dans Ivanti Endpoint Manager Mobile (30 janvier 2026),"[Mise à jour du 09 février 2026] Le 6 février 2026, Ivanti a mis à disposition des scripts RPM de détection d'indicateurs de compromission, à utiliser en fonction de la version d'EPMM installée. L'éditeur a également mis son guide d'analyse à jour (cf. section Documentation). [Mise à jour du 02...",https://www.cert.ssi.gouv.fr/alerte/CERTFR-2026-ALE-001/,"Fri, 30 Jan 2026 00:00:00 +0000",[MàJ] Multiples vulnérabilités dans Ivanti Endpoint Manager Mobile (30 janvier 2026),CVE-2026-1281,A code injection in Ivanti Endpoint Manager Mobile allowing attackers to achieve unauthenticated remote code execution.,9.8,CWE-94,CWE-94 Improper Control of Generation of Code ('Code Injection'),0.81586,Ivanti,Endpoint Manager Mobile,"['12.x.1.x RPM', '12.x.0.x RPM']"
131,[MàJ] Multiples vulnérabilités dans Ivanti Endpoint Manager Mobile (30 janvier 2026),"[Mise à jour du 09 février 2026] Le 6 février 2026, Ivanti a mis à disposition des scripts RPM de détection d'indicateurs de compromission, à utiliser en fonction de la version d'EPMM installée. L'éditeur a également mis son guide d'analyse à jour (cf. section Documentation). [Mise à jour du 02...",https://www.cert.ssi.gouv.fr/alerte/CERTFR-2026-ALE-001/,"Fri, 30 Jan 2026 00:00:00 +0000",[MàJ] Multiples vulnérabilités dans Ivanti Endpoint Manager Mobile (30 janvier 2026),CVE-2026-1340,A code injection in Ivanti Endpoint Manager Mobile allowing attackers to achieve unauthenticated remote code execution.,9.8,CWE-94,CWE-94 Improper Control of Generation of Code ('Code Injection'),0.73873,Ivanti,Endpoint Manager Mobile,"['12.x.1.x RPM', '12.x.0.x RPM']"
132,[MàJ] Vulnérabilité dans Cisco Catalyst SD-WAN (25 février 2026),Une vulnérabilité a été découverte dans Cisco Catalyst SD-WAN. Elle permet à un attaquant de provoquer un contournement de la politique de sécurité. Cisco indique que la vulnérabilité CVE-2026-20127 est activement exploitée.,https://www.cert.ssi.gouv.fr/alerte/CERTFR-2026-ALE-002/,"Wed, 25 Feb 2026 00:00:00 +0000",[MàJ] Vulnérabilité dans Cisco Catalyst SD-WAN (25 février 2026),CVE-2026-20127,"A vulnerability in the peering authentication in Cisco Catalyst SD-WAN Controller, formerly SD-WAN vSmart, and Cisco Catalyst SD-WAN Manager, formerly SD-WAN vManage, could allow an unauthenticated, remote attacker to bypass authentication and obtain administrative privileges on an affected system.

This vulnerability exists because the peering authentication mechanism in an affected system is not working properly. An attacker could exploit this vulnerability by sending crafted requests to an affected system. A successful exploit could allow the attacker to log in to an affected Cisco Catalyst SD-WAN Controller as an internal, high-privileged, non-root&nbsp;user account. Using this account, the attacker could access NETCONF, which would then allow the attacker to manipulate network configuration for the SD-WAN fabric.&nbsp;",10,CWE-287,Improper Authentication,0.5895,Cisco,Cisco Catalyst SD-WAN Manager,"['20.1.12', '19.2.1', '18.4.4', '18.4.5', '20.1.1.1', '20.1.1', '19.3.0', '19.2.2', '19.2.099', '18.3.6', '18.3.7', '19.2.0', '18.3.8', '19.0.0', '19.1.0', '18.4.302', '18.4.303', '19.2.097', '19.2.098', '17.2.10', '18.3.6.1', '19.0.1a', '18.2.0', '18.4.3', '18.4.1', '17.2.8', '18.3.3.1', '18.4.0', '18.3.1', '17.2.6', '17.2.9', '18.3.4', '17.2.5', '18.3.1.1', '18.3.5', '18.4.0.1', '18.3.3', '17.2.7', '17.2.4', '18.3.0', '19.2.3', '18.4.501_ES', '20.3.1', '20.1.2', '19.2.929', '19.2.31', '20.3.2', '19.2.32', '20.3.2_925', '20.3.2.1', '20.3.2.1_927', '18.4.6', '20.1.2_937', '20.4.1', '20.3.2_928', '20.3.2_929', '20.4.1.0.1', '20.3.2.1_930', '19.2.4', '20.5.0.1.1', '20.4.1.1', '20.3.3', '19.2.4.0.1', '20.3.2_937', '20.3.3.1', '20.5.1', '20.1.3', '20.3.3.0.4', '20.3.3.1.2', '20.3.3.1.1', '20.4.1.2', '20.3.3.0.2', '20.4.1.1.5', '20.4.1.0.01', '20.4.1.0.02', '20.3.3.1.7', '20.3.3.1.5', '20.5.1.0.1', '20.3.3.1.10', '20.3.3.0.8', '20.4.2', '20.4.2.0.1', '20.3.4', '20.3.3.0.14', '19.2.4.0.8', '19.2.4.0.9', '20.3.4.0.1', '20.3.2.0.5', '20.6.1', '20.5.1.0.2', '20.3.3.0.17', '20.6.1.1', '20.6.0.18.3', '20.3.2.0.6', '20.6.0.18.4', '20.4.2.0.2', '20.3.3.0.16', '20.3.4.0.5', '20.6.1.0.1', '20.3.4.0.6', '20.6.2', '20.7.1EFT2', '20.3.4.0.9', '20.3.4.0.11', '20.4.2.0.4', '20.3.3.0.18', '20.7.1', '20.6.2.1', '20.3.4.1', '20.5.1.1', '20.4.2.1', '20.4.2.1.1', '20.3.4.1.1', '20.3.813', '20.3.4.0.19', '20.4.2.2.1', '20.5.1.2', '20.3.4.2', '20.3.814', '20.4.2.2', '20.6.2.2', '20.3.4.2.1', '20.7.1.1', '20.3.4.1.2', '20.6.2.2.2', '20.3.4.0.20', '20.6.2.2.3', '20.4.2.2.2', '20.3.5', '20.6.2.0.4', '20.4.2.2.3', '20.3.4.0.24', '20.6.2.2.7', '20.6.3', '20.3.4.2.2', '20.4.2.2.4', '20.7.1.0.2', '20.8.1', '20.3.5.0.8', '20.3.5.0.9', '20.4.2.2.8', '20.3.5.0.7', '20.6.3.0.7', '20.6.3.0.5', '20.6.3.0.10', '20.6.3.0.2', '20.7.2', '20.9.1EFT2', '20.6.3.0.11', '20.6.3.1', '20.6.3.0.14', '20.6.4', '20.9.1', '20.6.3.0.19', '20.6.3.0.18', '20.3.6', '20.9.1.1', '20.6.3.0.23', '20.6.4.0.4', '20.6.3.0.25', '20.6.5', '20.6.3.0.27', '20.9.2', '20.9.2.1', '20.6.3.0.29', '20.6.3.0.31', '20.6.3.0.32', '20.10.1', '20.6.3.0.33', '20.9.2.0.01', '20.9.1_LI_Images', '20.10.1_LI_Images', '20.9.2_LI_Images', '20.3.7', '20.9.3', '20.6.5.1', '20.11.1', '20.11.1_LI_Images', '20.9.3_LI_ Images', '20.6.3.1.1', '20.9.3.0.2', '20.6.5.1.2', '20.9.3.0.3', '20.4.2.3', '20.6.3.2', '20.6.4.1', '20.6.3.0.38', '20.6.3.0.39', '20.3.5.1', '20.3.4.3', '20.9.3.1', '20.3.3.2', '20.6.5.2', '20.3.7.1', '20.10.1.1', '20.6.5.2.1', '20.3.4.0.25', '20.6.2.2.4', '20.6.1.2', '20.11.1.1', '20.9.3.0.5', '20.3.4.0.26', '20.6.5.1.3', '20.6.3.0.40', '20.1.3.1', '20.9.2.2', '20.6.5.2.3', '20.6.5.1.4', '20.6.5.3', '20.6.3.0.41', '20.9.3.0.7', '20.6.5.1.5', '20.9.3.0.4', '20.6.4.0.19', '20.6.5.1.6', '20.9.3.0.8', '20.6.3.3', '20.3.7.2', '20.6.5.4', '20.6.5.1.7', '20.9.3.0.12', '20.6.4.2', '20.6.5.5', '20.9.3.2', '20.11.1.2', '20.6.3.4', '20.10.1.2', '20.6.5.1.9', '20.9.3.0.16', '20.6.3.0.45', '20.6.5.1.10', '20.9.3.0.17', '20.6.5.2.4', '20.6.4.0.21', '20.9.3.0.18', '20.6.3.0.46', '20.6.3.0.47', '20.9.2.3', '20.9.3.2_LI_Images', '20.9.3.0.21', '20.9.3.0.20', '20.9.4_LI_Images', '20.9.4', '20.6.5.1.11', '20.12.1', '20.12.1_LI_Images', '20.6.5.1.13', '20.9.3.0.23', '20.6.5.2.8', '20.9.4.1', '20.9.4.1_LI_Images', '20.9.3.0.25', '20.9.3.0.24', '20.6.5.1.14', '20.3.8', '20.6.6', '20.9.3.0.26', '20.6.3.0.51', '20.9.3.0.29', '20.12.2', '20.12.2_LI_Images', '20.6.6.0.1', '20.13.1_LI_Images', '20.9.4.0.4', '20.13.1', '20.9.4.1.1', '20.9.5', '20.9.5_LI_Images', '20.12.3_LI_Images', '20.12.3', '20.9.4.1.3', '20.6.7', '20.9.5.1', '20.9.5.1_LI_Images', '20.9.4.1.6', '20.14.1', '20.14.1_LI_Images', '20.9.5.2', '20.9.5.2.1', '20.9.5.2_LI_Images', '20.12.3.1', '20.12.4', '20.15.1_LI_Images', '20.15.1', '20.9.5.1.4', '20.9.5.2.7', '20.9.5.2.13', '20.9.6', '20.9.6_LI_Images', '20.9.5.2.14', '20.6.8', '20.12.4.0.03', '20.16.1', '20.16.1_LI_Images', '20.12.4_LI_Images', '20.9.5.2.16', '20.12.4.0.4', '20.12.401', '20.9.5.3', '20.9.5.3_LI_Images', '20.12.4.1_LI_Images', '20.12.4.1', '20.9.5.2.21', '20.9.6.0.3', '20.12.4.0.6', '20.15.2_LI_Images', '20.15.2', '20.12.4_Monthly_ES5', '20.12.5', '20.12.5_LI_Images', '20.9.7_LI _Images', '20.9.7', '20.15.3', '20.15.3_ LI _Images', '20.12.501', '20.12.5.1_LI_Images', '20.12.5.1', '20.12.5.2_LI_Images', '20.12.5.2', '20.15.3.1', '20.15.4_LI_Images', '20.15.4', '20.9.7.1_LI _Images', '20.9.7.1', '20.18.1', '20.18.1_LI_Images', '20.12.6_LI_Images', '20.12.6', '20.12.5.1.01', '20.9.8', '20.9.8_LI_Images', '20.18.2', '20.15.4.1_LI_Images', '20.15.4.1', '20.18.2_LI_Images']"
133,[MàJ] Vulnérabilité dans Cisco Catalyst SD-WAN (25 février 2026),Une vulnérabilité a été découverte dans Cisco Catalyst SD-WAN. Elle permet à un attaquant de provoquer un contournement de la politique de sécurité. Cisco indique que la vulnérabilité CVE-2026-20127 est activement exploitée.,https://www.cert.ssi.gouv.fr/alerte/CERTFR-2026-ALE-002/,"Wed, 25 Feb 2026 00:00:00 +0000",[MàJ] Vulnérabilité dans Cisco Catalyst SD-WAN (25 février 2026),CVE-2022-20775,"A vulnerability in the CLI of Cisco SD-WAN Software could allow an authenticated, local attacker to gain elevated privileges.

This vulnerability is due to improper access controls on commands within the application CLI. An attacker could exploit this vulnerability by running a maliciously crafted command on the application CLI. A successful exploit could allow the attacker to execute arbitrary commands as the root user.
Cisco has released software updates that address this vulnerability. There are no workarounds that address this vulnerability.
https://sec.cloudapps.cisco.com/security/center/content/CiscoSecurityAdvisory/cisco-sa-sd-wan-priv-E6e8tEdF",7.8,CWE-25,Path Traversal: '/../filedir',0.00385,Cisco,Cisco Catalyst SD-WAN,"['18.3.1', '19.2.1', '17.2.4', '19.3.0', '18.3.0', '18.3.4', '18.4.303', '18.4.0.1', '17.2.9', '18.3.7', '18.2.0', '17.2.10', '18.4.5', '18.4.0', '17.2.5', '18.3.8', '18.4.4', '18.4.302', '17.2.7', '19.2.098', '20.1.1', '19.2.099', '18.3.3', '18.4.1', '17.2.8', '18.3.5', '19.0.0', '18.4.3', '19.1.0', '17.2.6', '18.3.3.1', '19.2.097', '20.1.1.1', '18.3.6', '19.2.0', '19.2.2', '20.1.11', '20.1.12', '19.1.0a', '19.2.3', '17.3.1ESM1', '20.3.1', '17.3.1ESM2', '17.2.1LA', '20.1.2', '17.3.1ESM3', '19.2.929', '19.2.31', '20.3.2', '19.2.32', '17.3.2ESM1', '20.3.2.1', '18.4.6', '20.4.1', '17.3.2ESM2', '19.2.4', '20.4.1.1', '20.3.3', '20.3.809', '20.3.3.1', '20.5.1', '20.3.811', '20.1.3', '20.4.1.2', '17.4.2.2527', '17.4.2ES1', '17.3.2ESM3', '20.4.2', '20.3.4', '20.6.1', '20.6.1.1', '20.6.2', '20.7.1', '20.4.2.1', '20.3.4.1', '20.5.1.1', '20.6.2.1', '20.3.4.2', '20.4.2.2', '20.6.2.2', '20.5.1.2', '20.7.1.1', '20.3.5', '20.6.3', '20.7.2', '20.6.3.1', '20.6.4', '20.3.6', '20.6.5', '20.3.7', '20.6.5.1', '20.6.4.1', '20.6.3.2', '20.4.2.3', '20.6.1.2', '20.3.4.3', '20.6.5.2', '20.3.3.2', '20.3.7.1', '20.3.5.1', '20.1.3.1', '20.6.5.3', '20.6.3.3', '20.3.7.2', '20.6.5.4', '20.6.4.2', '20.6.5.5', '20.6.3.4', '20.3.8', '20.6.6', '20.6.7', '20.6.8']"
134,[MàJ] Vulnérabilité dans Cisco Catalyst SD-WAN (25 février 2026),Une vulnérabilité a été découverte dans Cisco Catalyst SD-WAN. Elle permet à un attaquant de provoquer un contournement de la politique de sécurité. Cisco indique que la vulnérabilité CVE-2026-20127 est activement exploitée.,https://www.cert.ssi.gouv.fr/alerte/CERTFR-2026-ALE-002/,"Wed, 25 Feb 2026 00:00:00 +0000",[MàJ] Vulnérabilité dans Cisco Catalyst SD-WAN (25 février 2026),CVE-2022-20775,"A vulnerability in the CLI of Cisco SD-WAN Software could allow an authenticated, local attacker to gain elevated privileges.

This vulnerability is due to improper access controls on commands within the application CLI. An attacker could exploit this vulnerability by running a maliciously crafted command on the application CLI. A successful exploit could allow the attacker to execute arbitrary commands as the root user.
Cisco has released software updates that address this vulnerability. There are no workarounds that address this vulnerability.
https://sec.cloudapps.cisco.com/security/center/content/CiscoSecurityAdvisory/cisco-sa-sd-wan-priv-E6e8tEdF",7.8,CWE-25,Path Traversal: '/../filedir',0.00385,Cisco,Cisco Catalyst SD-WAN Manager,"['20.1.12', '19.2.1', '18.4.4', '18.4.5', '20.1.1.1', '20.1.1', '19.3.0', '19.2.2', '19.2.099', '18.3.6', '18.3.7', '19.2.0', '18.3.8', '19.0.0', '19.1.0', '18.4.302', '18.4.303', '19.2.097', '19.2.098', '17.2.10', '18.3.6.1', '19.0.1a', '18.2.0', '18.4.3', '18.4.1', '17.2.8', '18.3.3.1', '18.4.0', '18.3.1', '17.2.6', '17.2.9', '18.3.4', '17.2.5', '18.3.1.1', '18.3.5', '18.4.0.1', '18.3.3', '17.2.7', '17.2.4', '18.3.0', '19.2.3', '18.4.501_ES', '20.3.1', '20.1.2', '19.2.929', '19.2.31', '20.3.2', '19.2.32', '20.3.2_925', '20.3.2.1', '20.3.2.1_927', '18.4.6', '20.1.2_937', '20.4.1', '20.3.2_928', '20.3.2_929', '20.4.1.0.1', '20.3.2.1_930', '19.2.4', '20.5.0.1.1', '20.4.1.1', '20.3.3', '19.2.4.0.1', '20.3.2_937', '20.3.3.1', '20.5.1', '20.1.3', '20.3.3.0.4', '20.3.3.1.2', '20.3.3.1.1', '20.4.1.2', '20.3.3.0.2', '20.4.1.1.5', '20.4.1.0.01', '20.4.1.0.02', '20.3.3.1.7', '20.3.3.1.5', '20.5.1.0.1', '20.3.3.1.10', '20.3.3.0.8', '20.4.2', '20.4.2.0.1', '20.3.4', '20.3.3.0.14', '19.2.4.0.8', '19.2.4.0.9', '20.3.4.0.1', '20.3.2.0.5', '20.6.1', '20.5.1.0.2', '20.3.3.0.17', '20.6.1.1', '20.6.0.18.3', '20.3.2.0.6', '20.6.0.18.4', '20.4.2.0.2', '20.3.3.0.16', '20.3.4.0.5', '20.6.1.0.1', '20.3.4.0.6', '20.6.2', '20.7.1EFT2', '20.3.4.0.9', '20.3.4.0.11', '20.4.2.0.4', '20.3.3.0.18', '20.7.1', '20.6.2.1', '20.3.4.1', '20.5.1.1', '20.4.2.1', '20.4.2.1.1', '20.3.4.1.1', '20.3.813', '20.3.4.0.19', '20.4.2.2.1', '20.5.1.2', '20.3.4.2', '20.3.814', '20.4.2.2', '20.6.2.2', '20.3.4.2.1', '20.7.1.1', '20.3.4.1.2', '20.6.2.2.2', '20.3.4.0.20', '20.6.2.2.3', '20.4.2.2.2', '20.3.5', '20.6.2.0.4', '20.4.2.2.3', '20.3.4.0.24', '20.6.2.2.7', '20.6.3', '20.3.4.2.2', '20.4.2.2.4', '20.7.1.0.2', '20.3.5.0.8', '20.3.5.0.9', '20.3.5.0.7', '20.3.6', '20.3.7', '20.3.5.1', '20.3.4.3', '20.3.3.2', '20.3.7.1', '20.3.4.0.25', '20.6.2.2.4', '20.6.1.2', '20.3.4.0.26', '20.3.7.2', '20.3.8']"
135,[MàJ] Vulnérabilité dans Cisco Catalyst SD-WAN (25 février 2026),Une vulnérabilité a été découverte dans Cisco Catalyst SD-WAN. Elle permet à un attaquant de provoquer un contournement de la politique de sécurité. Cisco indique que la vulnérabilité CVE-2026-20127 est activement exploitée.,https://www.cert.ssi.gouv.fr/alerte/CERTFR-2026-ALE-002/,"Wed, 25 Feb 2026 00:00:00 +0000",[MàJ] Vulnérabilité dans Cisco Catalyst SD-WAN (25 février 2026),CVE-2022-20775,"A vulnerability in the CLI of Cisco SD-WAN Software could allow an authenticated, local attacker to gain elevated privileges.

This vulnerability is due to improper access controls on commands within the application CLI. An attacker could exploit this vulnerability by running a maliciously crafted command on the application CLI. A successful exploit could allow the attacker to execute arbitrary commands as the root user.
Cisco has released software updates that address this vulnerability. There are no workarounds that address this vulnerability.
https://sec.cloudapps.cisco.com/security/center/content/CiscoSecurityAdvisory/cisco-sa-sd-wan-priv-E6e8tEdF",7.8,CWE-25,Path Traversal: '/../filedir',0.00385,Cisco,Cisco SD-WAN vContainer,"['18.4.5', '20.1.12', '18.3.6', '19.2.1', '19.3.0', '20.1.1', '19.2.2', '18.3.8', '18.4.3', '18.4.4', '18.4.302', '19.1.0', '18.4.303', '19.2.0', '19.2.098', '17.2.10', '18.3.7', '18.3.1', '19.2.099', '19.2.097', '18.3.4', '18.2.0', '18.3.5', '18.4.1', '17.2.5', '17.2.7', '17.2.8', '17.2.9', '18.4.0', '17.2.6', '18.3.0', '17.2.4', '18.3.3', '19.2.3', '20.3.1', '20.1.2']"
136,[MàJ] Vulnérabilité dans Cisco Catalyst SD-WAN (25 février 2026),Une vulnérabilité a été découverte dans Cisco Catalyst SD-WAN. Elle permet à un attaquant de provoquer un contournement de la politique de sécurité. Cisco indique que la vulnérabilité CVE-2026-20127 est activement exploitée.,https://www.cert.ssi.gouv.fr/alerte/CERTFR-2026-ALE-002/,"Wed, 25 Feb 2026 00:00:00 +0000",[MàJ] Vulnérabilité dans Cisco Catalyst SD-WAN (25 février 2026),CVE-2022-20775,"A vulnerability in the CLI of Cisco SD-WAN Software could allow an authenticated, local attacker to gain elevated privileges.

This vulnerability is due to improper access controls on commands within the application CLI. An attacker could exploit this vulnerability by running a maliciously crafted command on the application CLI. A successful exploit could allow the attacker to execute arbitrary commands as the root user.
Cisco has released software updates that address this vulnerability. There are no workarounds that address this vulnerability.
https://sec.cloudapps.cisco.com/security/center/content/CiscoSecurityAdvisory/cisco-sa-sd-wan-priv-E6e8tEdF",7.8,CWE-25,Path Traversal: '/../filedir',0.00385,Cisco,Cisco SD-WAN vEdge Cloud,"['19.2.1', '20.1.12', '18.4.4', '19.3.0', '18.3.8', '19.2.2', '20.1.1', '18.3.6', '18.4.3', '18.4.302', '18.4.5', '18.4.303', '19.2.098', '19.1.0', '17.2.10', '19.0.1a', '19.2.099', '18.3.7', '19.2.097', '18.3.1', '19.2.0', '17.2.9', '18.3.4', '18.2.0', '18.4.1', '17.2.5', '18.4.0', '18.3.5', '18.3.3', '17.2.7', '17.2.6', '17.2.8', '18.3.0', '17.2.4', '19.2.3', '20.3.1', '20.1.2', '19.2.929', '19.2.31', '20.3.2', '19.2.32', '18.4.6', '20.4.1', '19.2.4', '20.4.1.1', '20.3.3', '20.5.1', '20.1.3', '20.4.1.2', '20.4.2', '20.3.4', '20.6.1', '20.6.2', '20.7.1', '20.3.5', '20.6.3', '20.7.2', '20.6.4', '20.3.6', '20.6.5', '20.3.7', '20.4.2.3', '20.3.4.3', '20.6.4.1', '20.6.3.2', '20.3.5.1', '20.6.5.2', '20.3.7.1', '20.3.3.2', '20.6.1.2', '20.1.3.1', '20.6.5.3', '20.6.3.3', '20.3.7.2', '20.6.5.4', '20.3.8', '20.6.6', '20.6.7', '20.6.8']"
137,[MàJ] Vulnérabilité dans Cisco Catalyst SD-WAN (25 février 2026),Une vulnérabilité a été découverte dans Cisco Catalyst SD-WAN. Elle permet à un attaquant de provoquer un contournement de la politique de sécurité. Cisco indique que la vulnérabilité CVE-2026-20127 est activement exploitée.,https://www.cert.ssi.gouv.fr/alerte/CERTFR-2026-ALE-002/,"Wed, 25 Feb 2026 00:00:00 +0000",[MàJ] Vulnérabilité dans Cisco Catalyst SD-WAN (25 février 2026),CVE-2022-20775,"A vulnerability in the CLI of Cisco SD-WAN Software could allow an authenticated, local attacker to gain elevated privileges.

This vulnerability is due to improper access controls on commands within the application CLI. An attacker could exploit this vulnerability by running a maliciously crafted command on the application CLI. A successful exploit could allow the attacker to execute arbitrary commands as the root user.
Cisco has released software updates that address this vulnerability. There are no workarounds that address this vulnerability.
https://sec.cloudapps.cisco.com/security/center/content/CiscoSecurityAdvisory/cisco-sa-sd-wan-priv-E6e8tEdF",7.8,CWE-25,Path Traversal: '/../filedir',0.00385,Cisco,Cisco SD-WAN vEdge Router,"['18.4.303', '18.3.7', '19.3.0', '18.2.0', '20.1.12', '19.2.099', '17.2.10', '18.3.3', '18.3.6', '19.0.0', '17.2.6', '18.4.0', '19.1.01', '19.2.098', '18.3.1', '18.4.302', '19.2.2', '18.3.5', '17.2.9', '19.1.0', '20.1.11', '19.2.097', '18.4.5', '17.2.5', '17.2.8', '18.3.8', '18.3.0', '18.4.3', '18.4.4', '19.2.1', '17.2.4', '18.3.4', '19.0.1a', '20.1.1', '17.2.7', '18.4.1', '19.2.0', '19.2.3', '20.3.1', '20.1.2', '19.2.929', '19.2.31', '20.3.2', '19.2.32', '18.4.6', '20.4.1', '19.2.4', '20.4.1.1', '20.3.3', '20.5.1', '20.1.3', '20.4.1.2', '20.4.2', '20.3.4', '20.6.1', '20.6.2', '20.7.1', '20.7.1.2', '20.3.5', '20.6.3', '20.7.2', '20.6.4', '20.3.6', '20.6.5', '20.3.7', '20.6.5.1', '20.3.3.2', '20.6.4.1', '20.6.3.2', '20.3.4.3', '20.6.5.2', '20.3.7.1', '20.3.5.1', '20.6.1.2', '20.6.5.3', '20.6.3.3', '20.3.7.2', '20.6.5.4', '20.3.8', '20.6.6', '20.6.7', '20.6.8']"
138,Vulnérabilité dans F5 BIG-IP Access Policy Manager (31 mars 2026),"Le 15 octobre 2025, F5 a publié un avis de sécurité concernant entre autres la vulnérabilité CVE-2025-53521. Celle-ci affecte BIG-IP APM et permet à un attaquant non authentifié d'exécuter du code à distance. Le 29 mars 2026, l'éditeur indique que cette vulnérabilité est exploitée activement. Le...",https://www.cert.ssi.gouv.fr/alerte/CERTFR-2026-ALE-004/,"Tue, 31 Mar 2026 00:00:00 +0000",Vulnérabilité dans F5 BIG-IP Access Policy Manager (31 mars 2026),CVE-2025-53521,"When a BIG-IP APM access policy is configured on a virtual server, specific malicious traffic can lead to Remote Code Execution (RCE).  

Note: Software versions which have reached End of Technical Support (EoTS) are not evaluated.",9.8,CWE-121,CWE-121 Stack-based Buffer Overflow,0.08766,F5,BIG-IP,"['17.5.0', '17.1.0', '16.1.0', '15.1.0']"
139,[Màj] Vulnérabilité dans Microsoft Exchange Server (15 mai 2026),"[Mise à jour du 11 juin 2026] Le 9 juin 2026, Microsoft a publié des versions correctives. [Publication initiale] Le 14 mai 2026, Microsoft a publié un avis de sécurité concernant la vulnérabilité CVE-2026-42897 affectant Exchange Server. Elle permet à un attaquant non authentifié de provoquer...",https://www.cert.ssi.gouv.fr/alerte/CERTFR-2026-ALE-005/,"Fri, 15 May 2026 00:00:00 +0000",[Màj] Vulnérabilité dans Microsoft Exchange Server (15 mai 2026),CVE-2026-42897,Improper neutralization of input during web page generation ('cross-site scripting') in Microsoft Exchange Server allows an unauthorized attacker to perform spoofing over a network.,8.1,CWE-79,CWE-79: Improper Neutralization of Input During Web Page Generation ('Cross-site Scripting'),0.07856,Microsoft,Microsoft Exchange Server 2016 Cumulative Update 23,['15.01.0.0']
140,[Màj] Vulnérabilité dans Microsoft Exchange Server (15 mai 2026),"[Mise à jour du 11 juin 2026] Le 9 juin 2026, Microsoft a publié des versions correctives. [Publication initiale] Le 14 mai 2026, Microsoft a publié un avis de sécurité concernant la vulnérabilité CVE-2026-42897 affectant Exchange Server. Elle permet à un attaquant non authentifié de provoquer...",https://www.cert.ssi.gouv.fr/alerte/CERTFR-2026-ALE-005/,"Fri, 15 May 2026 00:00:00 +0000",[Màj] Vulnérabilité dans Microsoft Exchange Server (15 mai 2026),CVE-2026-42897,Improper neutralization of input during web page generation ('cross-site scripting') in Microsoft Exchange Server allows an unauthorized attacker to perform spoofing over a network.,8.1,CWE-79,CWE-79: Improper Neutralization of Input During Web Page Generation ('Cross-site Scripting'),0.07856,Microsoft,Microsoft Exchange Server 2019 Cumulative Update 14,['15.02.0.0']
141,[Màj] Vulnérabilité dans Microsoft Exchange Server (15 mai 2026),"[Mise à jour du 11 juin 2026] Le 9 juin 2026, Microsoft a publié des versions correctives. [Publication initiale] Le 14 mai 2026, Microsoft a publié un avis de sécurité concernant la vulnérabilité CVE-2026-42897 affectant Exchange Server. Elle permet à un attaquant non authentifié de provoquer...",https://www.cert.ssi.gouv.fr/alerte/CERTFR-2026-ALE-005/,"Fri, 15 May 2026 00:00:00 +0000",[Màj] Vulnérabilité dans Microsoft Exchange Server (15 mai 2026),CVE-2026-42897,Improper neutralization of input during web page generation ('cross-site scripting') in Microsoft Exchange Server allows an unauthorized attacker to perform spoofing over a network.,8.1,CWE-79,CWE-79: Improper Neutralization of Input During Web Page Generation ('Cross-site Scripting'),0.07856,Microsoft,Microsoft Exchange Server 2019 Cumulative Update 15,['15.02.0.0']
142,[Màj] Vulnérabilité dans Microsoft Exchange Server (15 mai 2026),"[Mise à jour du 11 juin 2026] Le 9 juin 2026, Microsoft a publié des versions correctives. [Publication initiale] Le 14 mai 2026, Microsoft a publié un avis de sécurité concernant la vulnérabilité CVE-2026-42897 affectant Exchange Server. Elle permet à un attaquant non authentifié de provoquer...",https://www.cert.ssi.gouv.fr/alerte/CERTFR-2026-ALE-005/,"Fri, 15 May 2026 00:00:00 +0000",[Màj] Vulnérabilité dans Microsoft Exchange Server (15 mai 2026),CVE-2026-42897,Improper neutralization of input during web page generation ('cross-site scripting') in Microsoft Exchange Server allows an unauthorized attacker to perform spoofing over a network.,8.1,CWE-79,CWE-79: Improper Neutralization of Input During Web Page Generation ('Cross-site Scripting'),0.07856,Microsoft,Microsoft Exchange Server Subscription Edition RTM,['15.02.0.0']
